"","date","Price","Cost","Quantity"
"1",2014-01-02,12.3634732824427,0.146450381679389,1.13167938931298
"2",2014-01-04,23.2284761904762,0.110190476190476,1.0952380952381
"3",2014-01-05,13.2185145888594,1.26376657824934,1.08753315649867
"4",2014-01-06,10.5724736842105,0.209631578947368,1.08684210526316
"5",2014-01-07,14.0645604395604,0.11010989010989,1.15384615384615
"6",2014-01-08,11.0410714285714,0.110227272727273,1.06493506493506
"7",2014-01-09,11.3635930047695,0.110254372019078,1.10492845786963
"8",2014-01-11,12.1580894308943,0.110162601626016,1.09756097560976
"9",2014-01-12,12.2791712707182,0.110110497237569,1.11602209944751
"10",2014-01-13,13.9985945945946,0.287918918918919,1.70810810810811
"11",2014-01-14,12.6653267973856,2.31013071895425,1.13725490196078
"12",2014-01-15,11.4825588697017,0.139827315541601,1.08163265306122
"13",2014-01-16,13.4467441860465,0.192771317829457,1.13953488372093
"14",2014-01-18,11.739203539823,0.624756637168142,1.05752212389381
"15",2014-01-19,15.5414021164021,2.93637566137566,1.10846560846561
"16",2014-01-20,11.4601282051282,0.110205128205128,1.05128205128205
"17",2014-01-21,12.1093411764706,0.132776470588235,1.12705882352941
"18",2014-01-22,11.5764746227709,0.403374485596708,1.10013717421125
"19",2014-01-23,12.0720806451613,0.117790322580645,1.07903225806452
"20",2014-01-25,12.8504361370717,0.110311526479751,1.20560747663551
"21",2014-01-26,11.0657541899441,0.110279329608939,1.10335195530726
"22",2014-01-27,11.4425112781955,1.39215037593985,1.17443609022556
"23",2014-01-28,10.9,0.110453608247423,1.17525773195876
"24",2014-01-29,11.5153032258065,0.110206451612903,1.10322580645161
"25",2014-01-30,11.3803967168263,0.177770177838577,1.13269493844049
"26",2014-02-01,12.53,0.167926829268293,1.17073170731707
"27",2014-02-02,11.4223575129534,0.129715025906736,1.0880829015544
"28",2014-02-03,21.0581425891182,2.21746716697936,1.11819887429644
"29",2014-02-04,11.5497923875433,0.110311418685121,1.21453287197232
"30",2014-02-05,27.7080952380952,0.202227342549923,1.35330261136713
"31",2014-02-06,14.7888536953243,0.110120663650075,1.12669683257919
"32",2014-02-07,13.38,0.11,1
"33",2014-02-08,12.2101933701657,0.110386740331492,1.18232044198895
"34",2014-02-09,11.3635890410959,0.110328767123288,1.18904109589041
"35",2014-02-10,11.9920307167235,2.26237201365188,1.19795221843003
"36",2014-02-11,11.2945804195804,0.184667832167832,1.29545454545455
"37",2014-02-12,13.0971489361702,0.110170212765957,1.1290780141844
"38",2014-02-13,13.1260091743119,0.117538226299694,1.16819571865443
"39",2014-02-15,12.2551546391753,0.135567010309278,1.22474226804124
"40",2014-02-16,18.724325,0.122075,1.12
"41",2014-02-17,11.98562,2.40582,1.084
"42",2014-02-18,12.5485238095238,0.110428571428571,1.20238095238095
"43",2014-02-19,11.9663736263736,1.5539010989011,1.17857142857143
"44",2014-02-20,11.8885658914729,0.110129198966408,1.13307493540052
"45",2014-02-22,10.8105869074492,0.127313769751693,1.10835214446953
"46",2014-02-23,10.9857711442786,0.110049751243781,1.07960199004975
"47",2014-02-24,11.0966666666667,0.161653116531165,1.23848238482385
"48",2014-02-25,13.6896666666667,0.110315789473684,1.13157894736842
"49",2014-02-26,12.642480270575,1.23491544532131,1.16121758737317
"50",2014-02-27,18.1384192037471,0.110210772833724,1.10421545667447
"51",2014-03-01,30.5264857881137,0.110258397932817,1.15245478036176
"52",2014-03-02,10.8863341067285,0.154176334106729,1.18793503480278
"53",2014-03-03,12.7131225296443,1.80345849802372,1.1304347826087
"54",2014-03-04,15.7405473684211,0.110378947368421,1.08631578947368
"55",2014-03-05,13.2894491525424,0.110112994350282,1.08898305084746
"56",2014-03-06,12.0965717821782,0.11029702970297,1.15346534653465
"57",2014-03-08,11.1711716621253,0.11016348773842,1.09536784741144
"58",2014-03-09,14.4705449591281,0.161989100817439,1.13623978201635
"59",2014-03-10,13.3928148148148,2.16432098765432,1.2
"60",2014-03-11,11.5218119266055,0.121215596330275,1.12844036697248
"61",2014-03-12,11.6288871715611,0.117496136012365,1.09273570324575
"62",2014-03-13,11.6881191222571,0.125078369905956,1.09404388714734
"63",2014-03-15,11.4422590361446,0.110060240963855,1.06024096385542
"64",2014-03-16,11.7369467787115,0.144509803921569,1.0672268907563
"65",2014-03-17,11.7764083457526,1.69771982116244,1.17138599105812
"66",2014-03-18,13.010577689243,0.110398406374502,1.34462151394422
"67",2014-03-19,19.2261881977671,0.11006379585327,1.21212121212121
"68",2014-03-20,11.5229198184569,0.121573373676248,1.22844175491679
"69",2014-03-22,13.7550614250614,0.156879606879607,1.18673218673219
"70",2014-03-23,12.2237330316742,0.11027149321267,1.11990950226244
"71",2014-03-24,10.9744886363636,1.67784090909091,1.18465909090909
"72",2014-03-25,16.2369014084507,0.143485915492958,1.16197183098592
"73",2014-03-26,15.5381341107872,0.121209912536443,1.10932944606414
"74",2014-03-27,19.1654817275748,0.118604651162791,1.15836101882614
"75",2014-03-28,2.48,0.11,2
"76",2014-03-29,10.3882857142857,0.110342857142857,1.19714285714286
"77",2014-03-30,11.7925342465753,0.11027397260274,1.25114155251142
"78",2014-03-31,11.7424100719424,1.24530575539568,1.35071942446043
"79",2014-04-01,11.0618371212121,0.146325757575758,1.17234848484848
"80",2014-04-02,10.9298391089109,0.14529702970297,1.13861386138614
"81",2014-04-03,13.0185866261398,0.128936170212766,1.11246200607903
"82",2014-04-05,11.7192266666667,0.11032,1.28
"83",2014-04-06,13.488211143695,0.110058651026393,1.13196480938416
"84",2014-04-07,12.8804007633588,1.26654580152672,1.10114503816794
"85",2014-04-08,13.2999732620321,0.110160427807487,1.17112299465241
"86",2014-04-09,16.2873568281938,0.110411160058737,1.16152716593245
"87",2014-04-10,12.1665457184325,0.155631349782293,1.13062409288824
"88",2014-04-12,11.9542345276873,0.110390879478827,1.12377850162866
"89",2014-04-13,14.7952993348115,0.120709534368071,1.29268292682927
"90",2014-04-14,17.3691580756014,1.73529209621993,1.24054982817869
"91",2014-04-15,23.9099019607843,0.110735294117647,1.44607843137255
"92",2014-04-16,11.1563734776725,0.116698240866035,1.14208389715832
"93",2014-04-17,13.49337922403,0.122215269086358,1.09136420525657
"94",2014-04-19,18.3694444444444,0.11015873015873,1.26190476190476
"95",2014-04-20,15.04,0.11,1
"96",2014-04-21,11.9919942611191,1.17756097560976,1.12482065997131
"97",2014-04-22,15.5235254237288,0.11835593220339,1.20338983050847
"98",2014-04-23,14.5349806949807,0.116319176319176,1.18790218790219
"99",2014-04-24,12.2779545454545,0.140012626262626,1.12247474747475
"100",2014-04-26,14.6471676300578,0.164913294797688,1.18208092485549
"101",2014-04-27,11.8009409190372,0.120700218818381,1.15973741794311
"102",2014-04-28,11.2357704918033,1.65367213114754,1.14098360655738
"103",2014-04-29,18.1665495867769,0.110206611570248,1.1797520661157
"104",2014-04-30,11.4811081794195,0.110395778364116,1.16094986807388
"105",2014-05-01,11.2553010033445,0.122959866220736,1.11204013377926
"106",2014-05-03,13.157729468599,0.133574879227053,1.22705314009662
"107",2014-05-04,13.5810023866348,1.11522673031026,1.13126491646778
"108",2014-05-05,14.699626719057,1.35094302554028,1.1434184675835
"109",2014-05-06,17.7702050113895,0.138246013667426,1.49886104783599
"110",2014-05-07,19.0547713414634,0.129115853658537,1.11280487804878
"111",2014-05-08,11.7336085626911,0.136376146788991,1.1085626911315
"112",2014-05-10,10.8051343283582,0.110179104477612,1.12238805970149
"113",2014-05-11,12.0234142114385,1.31426343154246,1.18717504332756
"114",2014-05-12,11.5869875222816,1.71415329768271,1.18894830659537
"115",2014-05-13,19.7819027484144,0.110591966173362,1.09302325581395
"116",2014-05-14,12.0456289707751,1.25501905972046,1.1130876747141
"117",2014-05-15,12.6370779220779,0.449480519480519,1.15909090909091
"118",2014-05-17,11.5745623342175,0.110636604774536,1.20689655172414
"119",2014-05-18,13.7947939262473,1.94013015184382,1.06941431670282
"120",2014-05-19,11.6890143737166,2.06055441478439,1.20533880903491
"121",2014-05-20,13.4323044397463,0.150591966173362,1.25369978858351
"122",2014-05-21,15.6977759197324,0.86195652173913,1.12541806020067
"123",2014-05-22,13.0005835962145,0.110283911671924,1.09463722397476
"124",2014-05-23,7.715,0.12,1
"125",2014-05-24,14.8193043478261,2.018,1.16304347826087
"126",2014-05-25,17.6200675675676,3.56216216216216,1.3018018018018
"127",2014-05-26,13.2400773694391,2.11558994197292,1.22823984526112
"128",2014-05-27,12.6912981744422,1.04860040567951,1.29817444219067
"129",2014-05-28,12.8363356643357,0.40772027972028,1.17762237762238
"130",2014-05-29,12.1436429872495,0.127850637522769,1.15482695810565
"131",2014-05-31,12.1686140350877,0.110210526315789,1.16315789473684
"132",2014-06-01,78.4666167664671,2.19577844311377,1.07185628742515
"133",2014-06-02,12.3969961977186,2.25491761723701,1.1787072243346
"134",2014-06-03,11.222202247191,0.668584269662921,1.07191011235955
"135",2014-06-04,15.2730964467005,0.933807106598985,1.24703891708968
"136",2014-06-05,11.6568611987382,0.516908517350158,1.10567823343849
"137",2014-06-07,12.8886646884273,0.110415430267062,1.17804154302671
"138",2014-06-08,15.2403035714286,1.84410714285714,1.09107142857143
"139",2014-06-09,14.935,1.33447826086957,1.16521739130435
"140",2014-06-10,22.0449215686275,1.49560784313725,1.1921568627451
"141",2014-06-11,10.7623205342237,0.832871452420701,1.13689482470785
"142",2014-06-12,17.8498548094374,0.124210526315789,1.18874773139746
"143",2014-06-14,22.2339015151515,1.70604166666667,1.125
"144",2014-06-15,13.5457173447537,3.33905781584582,1.10492505353319
"145",2014-06-16,15.1801030927835,2.27604810996564,1.16838487972509
"146",2014-06-17,19.6391538461538,0.110205128205128,1.14615384615385
"147",2014-06-18,15.0688330632091,0.118184764991896,1.17666126418152
"148",2014-06-19,19.75442043222,0.541335952848723,1.16110019646365
"149",2014-06-21,34.2358213256484,1.45100864553314,1.22478386167147
"150",2014-06-22,10.4332400932401,0.11032634032634,1.14918414918415
"151",2014-06-23,13.1096746203905,0.110390455531453,1.1409978308026
"152",2014-06-24,11.2944472361809,0.169723618090452,1.10804020100503
"153",2014-06-25,20.4086373165618,0.14979035639413,1.06079664570231
"154",2014-06-26,17.3635090609555,0.126013179571664,1.13179571663921
"155",2014-06-28,14.4397983870968,-1.6625,1.09274193548387
"156",2014-06-29,19.1014678899083,0.153669724770642,1.25688073394495
"157",2014-06-30,14.6184584178499,0.110283975659229,1.08316430020284
"158",2014-07-01,15.1122767857143,1.57944196428571,1.16964285714286
"159",2014-07-02,18.0599166666667,0.415291666666667,1.20555555555556
"160",2014-07-03,13.5689266304348,0.797758152173913,1.1820652173913
"161",2014-07-05,21.5238007380074,0.128450184501845,1.39483394833948
"162",2014-07-06,12.7592736077482,0.641646489104116,1.13801452784504
"163",2014-07-07,11.95664160401,0.707669172932331,1.08020050125313
"164",2014-07-08,12.9737897310513,0.785476772616137,1.14669926650367
"165",2014-07-09,14.0739741219963,1.37059149722736,1.15711645101664
"166",2014-07-10,11.8087545787546,0.153571428571429,1.06776556776557
"167",2014-07-12,17.1171611253197,0.207135549872123,1.17391304347826
"168",2014-07-13,11.9306932773109,0.159978991596639,1.14915966386555
"169",2014-07-14,12.3795202020202,0.253737373737374,1.11363636363636
"170",2014-07-15,21.5546118721461,0.110365296803653,1.15981735159817
"171",2014-07-16,11.8452755905512,0.151937007874016,1.14645669291339
"172",2014-07-17,11.1991773308958,0.119122486288848,1.16636197440585
"173",2014-07-19,10.9138888888889,0.110454545454545,1.12373737373737
"174",2014-07-20,19.5696690307329,0.199787234042553,1.09219858156028
"175",2014-07-21,11.2820229007634,0.145820610687023,1.35496183206107
"176",2014-07-22,24.4037608695652,0.110260869565217,1.14782608695652
"177",2014-07-23,12.659765258216,0.122159624413146,1.12206572769953
"178",2014-07-24,11.5115660685155,0.161517128874388,1.20065252854812
"179",2014-07-26,13.7118015665796,0.159869451697128,1.27154046997389
"180",2014-07-27,13.4950865800866,0.11030303030303,1.11904761904762
"181",2014-07-28,11.9943612334802,0.151894273127753,1.11894273127753
"182",2014-07-29,12.585634057971,0.132608695652174,1.1195652173913
"183",2014-07-30,11.890122591944,0.110385288966725,1.11733800350263
"184",2014-07-31,10.5063908450704,0.123538732394366,1.12852112676056
"185",2014-08-02,17.8256460674157,0.110224719101124,1.11797752808989
"186",2014-08-03,13.4411134020619,0.110536082474227,1.43711340206186
"187",2014-08-04,13.1514965986395,0.153446712018141,1.31519274376417
"188",2014-08-05,11.2492643678161,0.11032183908046,1.06206896551724
"189",2014-08-06,11.1235702199662,0.110372250423012,1.09475465313029
"190",2014-08-07,11.3027687296417,0.181335504885993,1.17100977198697
"191",2014-08-09,11.2492054794521,0.110328767123288,1.15890410958904
"192",2014-08-10,16.8533045356372,0.12060475161987,1.10583153347732
"193",2014-08-11,18.1040441176471,0.110147058823529,1.20588235294118
"194",2014-08-12,11.0542094017094,0.120534188034188,1.14316239316239
"195",2014-08-13,12.082875,0.15171875,1.24375
"196",2014-08-14,16.4790923824959,0.126077795786062,1.32739059967585
"197",2014-08-16,14.4234841628959,0.20658371040724,1.1606334841629
"198",2014-08-17,12.9047008547009,0.11034188034188,1.38176638176638
"199",2014-08-18,10.7804411764706,0.110392156862745,1.11274509803922
"200",2014-08-19,10.838166969147,0.110362976406534,1.16696914700544
"201",2014-08-20,12.7868380952381,0.146380952380952,1.19047619047619
"202",2014-08-21,28.080516605166,0.110369003690037,1.22878228782288
"203",2014-08-23,10.5644642857143,0.166845238095238,1.22321428571429
"204",2014-08-24,12.0883484162896,0.121244343891403,1.11990950226244
"205",2014-08-25,11.9305494505495,0.110527472527473,1.15164835164835
"206",2014-08-26,11.5168819599109,0.110311804008909,1.4543429844098
"207",2014-08-27,17.891376146789,0.11039755351682,1.15443425076453
"208",2014-08-28,14.9104029304029,0.154047619047619,1.34249084249084
"209",2014-08-30,14.9914953271028,0.12768691588785,1.1588785046729
"210",2014-08-31,16.0072,0.123146666666667,1.13866666666667
"211",2014-09-01,10.7188222698073,0.110385438972163,1.11991434689507
"212",2014-09-02,11.3621813031161,0.11,1.06232294617564
"213",2014-09-03,12.2921452702703,0.110371621621622,1.21114864864865
"214",2014-09-04,21.2743649373882,0.177942754919499,1.14132379248658
"215",2014-09-06,12.0887391304348,0.24904347826087,1.25217391304348
"216",2014-09-07,12.9216286644951,0.172084690553746,1.21824104234528
"217",2014-09-08,10.8335947712418,0.110348583877996,1.13943355119826
"218",2014-09-09,11.9589037433155,0.160909090909091,1.09625668449198
"219",2014-09-10,17.6810700389105,0.156517509727626,1.34824902723735
"220",2014-09-11,12.7458835341365,0.135060240963855,1.11244979919679
"221",2014-09-13,18.2874161073826,0.126208053691275,1.15771812080537
"222",2014-09-14,31.850289017341,0.165086705202312,1.16763005780347
"223",2014-09-15,12.9939296187683,0.110351906158358,1.18475073313783
"224",2014-09-16,13.1516666666667,0.146666666666667,1.11494252873563
"225",2014-09-17,11.4490310077519,0.116447028423773,1.25968992248062
"226",2014-09-18,12.3222159090909,0.110397727272727,1.25852272727273
"227",2014-09-20,30.8094495412844,0.110733944954128,1.1743119266055
"228",2014-09-21,11.7687371134021,0.159020618556701,1.15979381443299
"229",2014-09-22,29.1240224719101,0.110224719101124,1.13033707865169
"230",2014-09-23,12.2441123595506,0.121303370786517,1.2
"231",2014-09-24,12.4693796159527,0.110384047267356,1.19350073855244
"232",2014-09-25,11.8123140495868,0.110123966942149,1.08471074380165
"233",2014-09-27,12.1042394822006,0.232653721682848,1.13915857605178
"234",2014-09-28,26.8913392857143,0.110297619047619,1.13690476190476
"235",2014-09-29,20.2970844686648,0.11016348773842,1.1008174386921
"236",2014-09-30,12.3285714285714,0.121451612903226,1.32027649769585
"237",2014-10-01,11.6660473372781,0.132745562130178,1.12189349112426
"238",2014-10-02,12.4226315789474,0.109317738791423,1.16374269005848
"239",2014-10-04,15.7735211267606,0.110507042253521,1.34647887323944
"240",2014-10-05,19.0360650887574,0.110355029585799,1.11834319526627
"241",2014-10-06,17.9655058823529,0.154752941176471,1.14588235294118
"242",2014-10-07,11.3546453089245,0.11045766590389,1.18535469107551
"243",2014-10-08,14.3860796324655,0.117519142419602,1.11944869831547
"244",2014-10-09,13.2362200956938,0.110350877192982,1.18022328548644
"245",2014-10-11,11.5916494845361,0.110343642611684,1.13058419243986
"246",2014-10-12,41.4274201474202,0.1104914004914,1.08599508599509
"247",2014-10-13,12.9010169491525,0.110338983050847,1.1138014527845
"248",2014-10-14,11.72250501002,0.110240480961924,1.09418837675351
"249",2014-10-15,23.6657065217391,0.130869565217391,1.17717391304348
"250",2014-10-16,12.6788399412628,0.149309838472834,1.33186490455213
"251",2014-10-18,18.9344137931034,0.126724137931034,1.15172413793103
"252",2014-10-19,10.8002094240838,0.110471204188482,1.1020942408377
"253",2014-10-20,16.5425414364641,0.203922651933702,1.08563535911602
"254",2014-10-21,23.3490748898678,0.137621145374449,1.44933920704846
"255",2014-10-22,11.6292687747036,0.17197628458498,1.1897233201581
"256",2014-10-23,11.2039211136891,0.15445475638051,1.18097447795824
"257",2014-10-25,10.9800331125828,0.135397350993377,3.78145695364238
"258",2014-10-26,10.6441717791411,0.168527607361963,1.13496932515337
"259",2014-10-27,12.8237157107232,0.110598503740648,1.31670822942643
"260",2014-10-28,11.9707915567282,0.197757255936675,1.11081794195251
"261",2014-10-29,11.733660130719,0.110392156862745,1.3578431372549
"262",2014-10-30,12.1483484848485,0.109651515151515,1.14393939393939
"263",2014-11-01,74.6666555183946,0.110334448160535,1.06688963210702
"264",2014-11-02,10.8252486187845,0.162651933701657,1.16850828729282
"265",2014-11-03,12.4355440414508,0.159481865284974,1.27979274611399
"266",2014-11-04,11.6015254237288,0.2709200968523,1.09927360774818
"267",2014-11-05,13.1836265432099,0.72912037037037,1.22530864197531
"268",2014-11-06,12.4716062176166,0.306649395509499,1.13816925734024
"269",2014-11-08,22.681320754717,0.626320754716981,1.14779874213836
"270",2014-11-09,24.6937941176471,0.291294117647059,1.07058823529412
"271",2014-11-10,11.9760422163588,0.196622691292876,1.23746701846966
"272",2014-11-11,11.3890291262136,0.501553398058252,1.18932038834951
"273",2014-11-12,12.0063746223565,0.181963746223565,1.21299093655589
"274",2014-11-13,11.8842536327609,0.110211360634082,1.16248348745046
"275",2014-11-15,11.579275,0.27605,1.16
"276",2014-11-16,12.8323054755043,0.574380403458213,1.12391930835735
"277",2014-11-17,11.5738924050633,0.410253164556962,1.09177215189873
"278",2014-11-18,11.3718398268398,0.213030303030303,1.16233766233766
"279",2014-11-19,17.2066847826087,0.436594202898551,1.25
"280",2014-11-20,12.0787295081967,0.369344262295082,1.16393442622951
"281",2014-11-22,13.0707555555556,1.30102222222222,1.07555555555556
"282",2014-11-23,12.7305215419501,0.58297052154195,1.12925170068027
"283",2014-11-24,12.7734222222222,0.127088888888889,1.31555555555556
"284",2014-11-25,75.09,47.51,1
"285",2014-11-26,14.4744059405941,0.11029702970297,1.17326732673267
"286",2014-11-27,12.2084397163121,0.110141843971631,1.16666666666667
"287",2014-11-29,12.5323348017621,0.110881057268722,1.32599118942731
"288",2014-11-30,34.3398496240602,0.110300751879699,1.12781954887218
"289",2014-12-01,12.1960396039604,0.110792079207921,1.22772277227723
"290",2014-12-02,15.7214583333333,0.110178571428571,1.09821428571429
"291",2014-12-03,10.7346994535519,0.110291438979964,1.08014571948998
"292",2014-12-04,15.0840229885057,0.110287356321839,1.10344827586207
"293",2014-12-06,12.2886305732484,0.110191082802548,1.09872611464968
"294",2014-12-07,16.7563716814159,0.110530973451327,1.18879056047198
"295",2014-12-08,22.1099431818182,0.164204545454545,1.27272727272727
"296",2014-12-09,18.6080706521739,0.123125,1.08423913043478
"297",2014-12-10,13.0287455830389,0.110212014134276,1.24028268551237
"298",2014-12-11,12.2976939655172,0.126400862068966,1.12715517241379
"299",2014-12-13,8.42888524590164,0.110196721311475,1.09836065573771
"300",2014-12-14,18.3428855721393,4.33995024875622,1.11940298507463
"301",2014-12-15,15.7651597051597,2.89545454545455,1.14742014742015
"302",2014-12-16,24.7357324840764,2.19796178343949,1.16135881104034
"303",2014-12-17,28.2718481012658,2.62030379746835,1.16962025316456
"304",2014-12-18,15.2854545454545,1.35717391304348,1.16205533596838
"305",2014-12-20,21.3806053268765,3.35978208232446,1.17191283292978
"306",2014-12-21,18.3295238095238,1.34245238095238,1.13571428571429
"307",2014-12-22,17.4000534759358,0.806818181818182,1.25935828877005
"308",2014-12-23,20.5583050847458,2.74658898305085,1.27754237288136
"309",2014-12-24,18.2083595505618,0.339865168539326,1.45842696629213
"310",2014-12-25,121.193333333333,63.09,14
"311",2014-12-28,12.0179341317365,0.11059880239521,1.13173652694611
"312",2014-12-29,12.5629190751445,0.110520231213873,1.23410404624277
"313",2014-12-30,13.627037815126,0.142058823529412,1.20798319327731
"314",2014-12-31,16.4843196544276,0.157235421166307,1.19222462203024
"315",2015-01-01,16.373515625,0.1403515625,1.6171875
"316",2015-01-03,28.2244964028777,0.110287769784173,1.13669064748201
"317",2015-01-04,10.4655251141553,0.110365296803653,1.06392694063927
"318",2015-01-05,11.3983757961783,0.110191082802548,1.0796178343949
"319",2015-01-06,14.6078490566038,-0.603547169811321,1.13584905660377
"320",2015-01-07,12.5126315789474,0.122355889724311,1.18796992481203
"321",2015-01-08,12.7402392344498,0.144354066985646,1.13397129186603
"322",2015-01-10,12.3849285714286,0.110428571428571,1.08214285714286
"323",2015-01-11,10.9886378737542,0.110332225913621,1.09302325581395
"324",2015-01-12,13.9468493150685,0.110383561643836,1.15890410958904
"325",2015-01-13,12.9961538461538,0.965294117647059,1.23076923076923
"326",2015-01-14,14.5261129568106,0.424285714285714,1.15448504983389
"327",2015-01-15,11.1292712550607,0.110526315789474,1.14574898785425
"328",2015-01-17,12.3305699481865,0.110103626943005,1.10621761658031
"329",2015-01-18,12.1061467889908,1.35256880733945,1.10091743119266
"330",2015-01-19,12.5448522167488,0.575862068965517,1.22906403940887
"331",2015-01-20,11.3865048543689,0.110258899676375,1.08414239482201
"332",2015-01-21,11.8427992633517,0.124235727440147,1.17495395948435
"333",2015-01-22,10.5205984555985,0.110501930501931,1.14478764478764
"334",2015-01-23,14.68,0.11,1
"335",2015-01-24,23.7354512635379,0.127581227436823,1.29602888086643
"336",2015-01-25,12.5196457765668,0.625095367847411,1.11444141689373
"337",2015-01-26,16.382962962963,1.38252525252525,1.11784511784512
"338",2015-01-27,12.2449222797927,0.59979274611399,1.14766839378238
"339",2015-01-28,12.638,0.11036641221374,1.14656488549618
"340",2015-01-29,13.066832,0.134288,1.1392
"341",2015-01-31,14.0849253731343,0.110298507462687,1.13432835820896
"342",2015-02-01,11.5185915492958,0.725267605633803,1.12676056338028
"343",2015-02-02,11.0016290726817,0.110350877192982,1.1453634085213
"344",2015-02-03,12.7492803030303,0.316155303030303,1.78977272727273
"345",2015-02-04,11.4178864353312,0.357066246056782,1.15930599369085
"346",2015-02-05,12.9548083623693,0.192421602787456,1.22996515679443
"347",2015-02-06,0.75,0.13,12
"348",2015-02-07,11.3645967741935,0.11008064516129,1.1008064516129
"349",2015-02-08,11.1537308868502,0.110305810397554,1.12538226299694
"350",2015-02-09,13.2011598746081,0.125203761755486,1.23197492163009
"351",2015-02-10,11.0589791183295,0.139095127610209,1.14849187935035
"352",2015-02-11,11.5772450805009,0.110143112701252,1.11270125223614
"353",2015-02-12,12.9849720670391,0.110335195530726,1.12476722532588
"354",2015-02-14,11.6242763157895,0.135164473684211,1.08552631578947
"355",2015-02-15,11.6959099437148,0.110337711069418,1.20637898686679
"356",2015-02-16,11.849725,0.1104,1.135
"357",2015-02-17,11.2054054054054,0.140859950859951,1.13267813267813
"358",2015-02-18,11.5246255506608,0.126938325991189,1.11453744493392
"359",2015-02-19,13.5878779472954,0.134063800277393,1.13869625520111
"360",2015-02-21,14.1378171641791,0.110223880597015,1.17910447761194
"361",2015-02-22,12.2712137203166,0.123007915567282,1.23218997361478
"362",2015-02-23,10.9595664739884,0.124075144508671,1.13583815028902
"363",2015-02-24,12.0561214953271,0.11018691588785,1.08411214953271
"364",2015-02-25,11.7856952662722,0.138254437869822,1.11538461538462
"365",2015-02-26,11.9356240126382,0.110473933649289,1.17061611374408
"366",2015-02-28,11.78116,0.1104,1.164
"367",2015-03-01,11.9196368715084,0.110167597765363,1.13687150837989
"368",2015-03-02,12.5411678832117,0.122189781021898,1.31143552311436
"369",2015-03-03,11.3661220043573,0.110435729847495,1.13289760348584
"370",2015-03-04,12.1770209339775,0.110193236714976,1.13687600644122
"371",2015-03-05,11.3804817275748,0.110332225913621,1.10299003322259
"372",2015-03-07,11.439469273743,0.110223463687151,1.13966480446927
"373",2015-03-08,10.8944230769231,0.120277777777778,1.15598290598291
"374",2015-03-09,11.5538520408163,0.11015306122449,1.05102040816327
"375",2015-03-10,12.3312666666667,0.110177777777778,1.08444444444444
"376",2015-03-11,11.3369887278583,0.133123993558776,1.09178743961353
"377",2015-03-12,11.9483898305085,0.110338983050847,1.22372881355932
"378",2015-03-13,32.5614285714286,0.112857142857143,4.85714285714286
"379",2015-03-14,13.1925850340136,0.110884353741497,1.14285714285714
"380",2015-03-15,12.1421891891892,0.110108108108108,1.08918918918919
"381",2015-03-16,11.8470472440945,0.110236220472441,1.1259842519685
"382",2015-03-17,12.9974941451991,0.110327868852459,1.21779859484778
"383",2015-03-18,11.1516539050536,0.117641653905054,1.1791730474732
"384",2015-03-19,12.9805871212121,0.110265151515152,1.13257575757576
"385",2015-03-21,11.0397752808989,0.11061797752809,1.14325842696629
"386",2015-03-22,11.3411781609195,0.110344827586207,1.1551724137931
"387",2015-03-23,12.1037303370787,0.110404494382022,1.18651685393258
"388",2015-03-24,13.3771317829457,0.110516795865633,1.22739018087855
"389",2015-03-25,11.2281681681682,0.117522522522523,1.1036036036036
"390",2015-03-26,12.0833771353482,0.11023653088042,1.12877792378449
"391",2015-03-28,11.4239518900344,0.110343642611684,1.13745704467354
"392",2015-03-29,11.5033090024331,0.110340632603406,1.11435523114355
"393",2015-03-30,12.9215193370166,0.110497237569061,1.11878453038674
"394",2015-03-31,13.1057971014493,0.159627329192547,1.27536231884058
"395",2015-04-01,14.4487888707038,0.110229132569558,1.10801963993453
"396",2015-04-02,12.240469924812,0.110300751879699,1.15977443609023
"397",2015-04-04,12.0220221606648,0.110609418282548,1.16620498614958
"398",2015-04-05,11.3820467836257,0.110526315789474,1.15204678362573
"399",2015-04-06,11.3426252983294,0.110190930787589,1.10023866348449
"400",2015-04-07,11.5055319148936,0.110053191489362,1.11436170212766
"401",2015-04-08,12.5532976827094,0.110463458110517,1.24242424242424
"402",2015-04-09,11.1381755829904,0.120713305898491,1.12894375857339
"403",2015-04-11,10.8929344729345,0.131965811965812,1.16809116809117
"404",2015-04-12,11.7028818443804,0.110345821325648,1.20749279538905
"405",2015-04-13,12.5741486068111,0.110185758513932,1.11455108359133
"406",2015-04-14,15.9917391304348,0.121281464530892,1.16018306636156
"407",2015-04-15,13.1563430420712,0.110388349514563,1.16504854368932
"408",2015-04-16,14.0455813953488,0.129441860465116,1.2062015503876
"409",2015-04-18,11.110652173913,0.110579710144928,1.1231884057971
"410",2015-04-19,16.9440892193309,0.110223048327138,1.12267657992565
"411",2015-04-20,10.38,0.123093333333333,1.13333333333333
"412",2015-04-21,11.8894131455399,0.110234741784038,1.12910798122066
"413",2015-04-22,11.6579140127389,0.110477707006369,1.11464968152866
"414",2015-04-23,12.5138078291815,0.127615658362989,1.24555160142349
"415",2015-04-25,23.5136811594203,0.132115942028985,1.09565217391304
"416",2015-04-26,16.8154976303318,0.110236966824645,1.15402843601896
"417",2015-04-27,11.8331043256997,0.110356234096692,1.20356234096692
"418",2015-04-28,11.4509419152276,0.125227629513344,1.14442700156986
"419",2015-04-29,14.3571356147022,0.11637515842839,1.24588086185044
"420",2015-04-30,11.8494135802469,0.110524691358025,1.16820987654321
"421",2015-05-02,11.1921330275229,0.121399082568807,1.09403669724771
"422",2015-05-03,10.9237430167598,0.123715083798883,1.11731843575419
"423",2015-05-04,11.0398642533937,0.110316742081448,1.16742081447964
"424",2015-05-05,14.9437162162162,0.137972972972973,1.18018018018018
"425",2015-05-06,14.6621641791045,0.110373134328358,1.11940298507463
"426",2015-05-07,11.8930903328051,0.11797147385103,1.16164817749604
"427",2015-05-09,12.2783967391304,0.110326086956522,1.14673913043478
"428",2015-05-10,12.8421449275362,0.124,1.19710144927536
"429",2015-05-11,11.1081233933162,0.110359897172237,1.17737789203085
"430",2015-05-12,11.2755726872247,0.110308370044053,1.0704845814978
"431",2015-05-13,14.7164169381107,0.11042345276873,1.19055374592834
"432",2015-05-14,12.5302105263158,0.119,1.19824561403509
"433",2015-05-16,14.9438957055215,0.110184049079755,1.18098159509202
"434",2015-05-17,11.3800882352941,0.110176470588235,1.08529411764706
"435",2015-05-18,10.8312793733681,0.122767624020888,1.07049608355091
"436",2015-05-19,10.7230226700252,0.110302267002519,1.07304785894207
"437",2015-05-20,10.6152604166667,0.110243055555556,1.06076388888889
"438",2015-05-21,14.7110526315789,0.110237691001698,1.1188455008489
"439",2015-05-23,14.5143373493976,0.11066265060241,1.2078313253012
"440",2015-05-24,11.7773931623932,0.11042735042735,1.20299145299145
"441",2015-05-25,11.8754607508532,0.126757679180887,1.11262798634812
"442",2015-05-26,12.4759375,0.179977678571429,1.16071428571429
"443",2015-05-27,12.1410110584518,0.110410742496051,1.20379146919431
"444",2015-05-28,16.9131826401447,0.141446654611212,1.20614828209765
"445",2015-05-30,13.466085106383,0.120531914893617,1.30851063829787
"446",2015-05-31,11.7128684210526,0.122868421052632,1.10526315789474
"447",2015-06-01,14.0147008547009,0.11017094017094,1.10541310541311
"448",2015-06-02,13.0321497919556,0.110277392510402,1.1123439667129
"449",2015-06-03,11.2971810699588,0.11037037037037,1.16049382716049
"450",2015-06-04,29.9358579881657,0.134852071005917,1.2603550295858
"451",2015-06-06,20.388976109215,0.178088737201365,1.13310580204778
"452",2015-06-07,10.5398921832884,0.110323450134771,1.1078167115903
"453",2015-06-08,11.7942959427208,0.110286396181384,1.11933174224344
"454",2015-06-09,10.1302564102564,0.110299145299145,1.13675213675214
"455",2015-06-10,10.8760551948052,0.11025974025974,1.13961038961039
"456",2015-06-11,11.476820702403,0.124399260628466,1.1275415896488
"457",2015-06-13,20.626619047619,6.40766666666667,1.1452380952381
"458",2015-06-14,20.088125,4.3611,1.14
"459",2015-06-15,11.5370658682635,0.110359281437126,1.11077844311377
"460",2015-06-16,24.231018766756,1.12335120643432,1.23324396782842
"461",2015-06-17,16.4429724409449,2.72285433070866,1.1240157480315
"462",2015-06-18,25.1656972789116,1.75804421768707,1.25340136054422
"463",2015-06-20,12.6105128205128,0.110410256410256,1.18461538461538
"464",2015-06-21,13.7337537537538,0.677867867867868,1.21621621621622
"465",2015-06-22,11.9716060606061,0.110484848484848,1.12121212121212
"466",2015-06-23,12.9534945054945,0.121098901098901,1.5010989010989
"467",2015-06-24,20.5878125,0.457757352941176,1.29044117647059
"468",2015-06-25,13.4622024866785,0.123801065719361,1.41385435168739
"469",2015-06-27,13.6655172413793,0.125203761755486,1.0564263322884
"470",2015-06-28,10.7097330097087,0.110194174757282,1.09223300970874
"471",2015-06-29,11.6902005730659,0.110286532951289,1.13753581661891
"472",2015-06-30,12.4976482617587,0.521860940695297,1.32515337423313
"473",2015-07-01,14.183326848249,0.125272373540856,1.13813229571984
"474",2015-07-02,13.634339314845,0.122838499184339,1.38336052202284
"475",2015-07-04,11.5595670995671,0.11047619047619,1.25541125541126
"476",2015-07-05,39.7820045558087,0.127608200455581,1.5125284738041
"477",2015-07-06,11.5699727520436,0.110817438692098,1.15803814713896
"478",2015-07-07,11.7796875,0.122630208333333,1.109375
"479",2015-07-08,18.40902,0.11986,1.144
"480",2015-07-09,14.8375501113586,0.53097995545657,1.15812917594655
"481",2015-07-11,15.5194006309148,0.730031545741325,1.15141955835962
"482",2015-07-12,13.86864,0.110533333333333,1.23733333333333
"483",2015-07-13,11.7991211401425,0.110285035629454,1.12826603325416
"484",2015-07-14,11.7655530973451,0.555663716814159,1.25221238938053
"485",2015-07-15,17.0645117845118,0.123518518518519,1.14309764309764
"486",2015-07-16,11.7872140221402,0.119169741697417,1.54243542435424
"487",2015-07-18,14.6347010869565,0.110271739130435,1.10597826086957
"488",2015-07-19,11.6454376657825,0.110318302387268,1.11936339522546
"489",2015-07-20,15.8988095238095,0.121690476190476,1.10952380952381
"490",2015-07-21,10.8952268244576,0.110670611439842,1.09467455621302
"491",2015-07-22,12.0739455782313,0.12140589569161,1.22675736961451
"492",2015-07-23,12.8868306010929,0.124335154826958,1.18032786885246
"493",2015-07-25,13.6337818181818,0.110145454545455,1.22545454545455
"494",2015-07-26,12.4734463276836,0.110508474576271,1.22033898305085
"495",2015-07-27,11.8013525498891,0.11039911308204,1.16186252771619
"496",2015-07-28,13.242752,0.118208,1.2352
"497",2015-07-29,12.3669655172414,0.110597701149425,1.27126436781609
"498",2015-07-30,13.43986,0.12038,1.286
"499",2015-08-01,13.6825074626866,0.110597014925373,1.45671641791045
"500",2015-08-02,12.2048237885463,0.126982378854626,1.15859030837004
"501",2015-08-03,10.6486425339367,0.138280542986425,1.10407239819005
"502",2015-08-04,11.4509586056645,0.110435729847495,1.16122004357298
"503",2015-08-05,21.8574817518248,0.110328467153285,1.32481751824818
"504",2015-08-06,13.3503084415584,0.122386363636364,1.18831168831169
"505",2015-08-08,11.3485714285714,0.11055900621118,1.14285714285714
"506",2015-08-09,14.9439583333333,0.110291666666667,1.09583333333333
"507",2015-08-10,14.889125,0.1576,1.3425
"508",2015-08-11,12.3731367924528,0.110707547169811,1.35849056603774
"509",2015-08-12,11.7791218637993,0.123924731182796,1.13978494623656
"510",2015-08-13,16.389287054409,0.128236397748593,1.23827392120075
"511",2015-08-15,12.0850141643059,0.110339943342776,1.08215297450425
"512",2015-08-16,27.4986855670103,0.110412371134021,1.14690721649485
"513",2015-08-17,14.833,0.110382978723404,1.09574468085106
"514",2015-08-18,15.5535336538462,0.128629807692308,1.25961538461538
"515",2015-08-19,14.1340701754386,0.132070175438597,1.38421052631579
"516",2015-08-20,14.5493577981651,0.110440366972477,1.3045871559633
"517",2015-08-22,11.1819303797468,0.110063291139241,1.05696202531646
"518",2015-08-23,11.2903170028818,0.131757925072046,1.10086455331412
"519",2015-08-24,11.0533968253968,0.125333333333333,1.05396825396825
"520",2015-08-25,11.21486,0.11028,1.076
"521",2015-08-26,16.6292307692308,0.110589198036007,1.17839607201309
"522",2015-08-27,12.9957401812689,0.189682779456193,1.37915407854985
"523",2015-08-29,31.4751181102362,0.110629921259843,1.11811023622047
"524",2015-08-30,12.5738083538084,0.24970515970516,1.15724815724816
"525",2015-08-31,11.1315544041451,0.159378238341969,1.13730569948187
"526",2015-09-01,21.6291666666667,0.110648148148148,1.16666666666667
"527",2015-09-02,11.6264150943396,0.253396226415094,1.17735849056604
"528",2015-09-03,13.1796808510638,0.150723404255319,1.34893617021277
"529",2015-09-05,12.6928602620087,0.219737991266376,1.22707423580786
"530",2015-09-06,10.7332743362832,0.16598820058997,1.09734513274336
"531",2015-09-07,26.8584084880637,0.160450928381963,1.12201591511936
"532",2015-09-08,19.5505621301775,0.222603550295858,1.26627218934911
"533",2015-09-09,14.9358639705882,0.179963235294118,1.20404411764706
"534",2015-09-10,11.6703406593407,0.131252747252747,1.13956043956044
"535",2015-09-12,11.3591003460208,0.110276816608997,1.08304498269896
"536",2015-09-13,10.616711409396,0.110738255033557,1.14429530201342
"537",2015-09-14,10.6332423208191,0.110682593856655,1.10921501706485
"538",2015-09-15,11.6677455357143,0.152678571428571,1.12946428571429
"539",2015-09-16,26.1084065934066,0.18,1.16483516483516
"540",2015-09-17,13.4915865384615,0.178677884615385,1.12259615384615
"541",2015-09-19,15.7585,0.127392857142857,1.21428571428571
"542",2015-09-20,11.8003571428571,0.110634920634921,1.11904761904762
"543",2015-09-21,11.1659012345679,0.110296296296296,1.13333333333333
"544",2015-09-22,15.4312,0.164457142857143,1.22857142857143
"545",2015-09-23,18.5776842105263,0.176736842105263,1.21929824561404
"546",2015-09-24,12.1938518518519,0.182203703703704,1.22777777777778
"547",2015-09-26,26.9244285714286,0.110357142857143,1.12142857142857
"548",2015-09-27,13.2816806722689,0.163445378151261,1.13725490196078
"549",2015-09-28,11.9827728613569,0.110294985250737,1.14159292035398
"550",2015-09-29,14.9575417661098,0.15582338902148,1.22195704057279
"551",2015-09-30,11.5479331941545,0.110459290187891,1.10020876826722
"552",2015-10-01,17.8819560878244,0.119760479041916,1.23552894211577
"553",2015-10-03,12.0971008403361,0.110252100840336,1.0672268907563
"554",2015-10-04,28.1585538461538,0.110430769230769,1.24615384615385
"555",2015-10-05,19.8991884816754,0.160052356020942,1.30104712041885
"556",2015-10-06,11.8866666666667,0.110254452926209,1.35623409669211
"557",2015-10-07,15.6355902777778,0.110347222222222,1.21180555555556
"558",2015-10-08,12.0573605442177,0.120680272108844,1.17551020408163
"559",2015-10-10,14.9110876132931,0.110422960725076,1.54984894259819
"560",2015-10-11,10.4873801916933,0.110894568690096,1.12779552715655
"561",2015-10-12,20.3974934036939,0.110474934036939,1.11345646437995
"562",2015-10-13,13.0004206500956,0.1465965583174,1.18546845124283
"563",2015-10-14,16.6549523809524,0.148238095238095,1.17460317460317
"564",2015-10-15,11.8977692307692,0.165269230769231,1.22692307692308
"565",2015-10-17,12.8716706443914,0.110429594272076,1.10739856801909
"566",2015-10-18,12.6230470914127,0.162686980609418,1.21329639889197
"567",2015-10-19,14.3315151515152,0.147818181818182,1.33333333333333
"568",2015-10-20,12.696968973747,0.110381861575179,1.20286396181384
"569",2015-10-21,16.0259552845528,0.110528455284553,1.13008130081301
"570",2015-10-22,12.0813967611336,0.125404858299595,1.15991902834008
"571",2015-10-24,16.777947761194,0.180970149253731,1.1455223880597
"572",2015-10-25,10.9061807580175,0.165743440233236,1.14285714285714
"573",2015-10-26,13.2528739002933,0.132316715542522,1.17888563049853
"574",2015-10-27,11.8392923076923,0.168707692307692,1.10461538461538
"575",2015-10-28,14.844016,0.122624,1.3216
"576",2015-10-29,14.5464898595944,0.169469578783151,1.14820592823713
"577",2015-10-31,14.7909810126582,0.110506329113924,1.46835443037975
"578",2015-11-01,12.0697975708502,0.494453441295547,1.12955465587045
"579",2015-11-02,14.4310160427807,0.363636363636364,1.06951871657754
"580",2015-11-03,14.8256455696203,0.506759493670886,1.12405063291139
"581",2015-11-04,10.9025726141079,0.110497925311203,1.17634854771784
"582",2015-11-05,11.1422555205047,0.282618296529968,1.08675078864353
"583",2015-11-07,12.7268404907975,0.61920245398773,1.0920245398773
"584",2015-11-08,13.2969069069069,0.395705705705706,1.53153153153153
"585",2015-11-09,15.7977115987461,0.25884012539185,1.11598746081505
"586",2015-11-10,11.2417128463476,0.253979848866499,1.10579345088161
"587",2015-11-11,13.3216171003717,0.612825278810409,1.26951672862454
"588",2015-11-12,12.5886776859504,0.449111570247934,1.21900826446281
"589",2015-11-14,27.8370769230769,0.894846153846154,1.19615384615385
"590",2015-11-15,12.198471849866,0.237292225201072,1.12332439678284
"591",2015-11-16,19.1764166666667,0.821333333333333,1.10555555555556
"592",2015-11-17,12.0420997375328,0.483543307086614,1.12335958005249
"593",2015-11-18,13.5229411764706,0.484924369747899,1.23025210084034
"594",2015-11-19,13.1842090784044,0.553837689133425,1.14305364511692
"595",2015-11-21,21.2083180428135,1.67617737003058,1.11620795107034
"596",2015-11-22,13.0744498777506,1.11850855745721,1.15158924205379
"597",2015-11-23,13.4078157894737,0.716605263157895,1.22894736842105
"598",2015-11-24,0.0275000000000034,-0.00249999999999773,1.5
"599",2015-11-25,11.5533039647577,0.226872246696035,1.14537444933921
"600",2015-11-26,11.9693577981651,0.110550458715596,1.26605504587156
"601",2015-11-28,47.908625,0.130375,1.45
"602",2015-11-29,25.5898344370861,0.110331125827815,1.07615894039735
"603",2015-11-30,10.2146981627297,0.110367454068241,1.16272965879265
"604",2015-12-01,14.7542244224422,0.126072607260726,1.08250825082508
"605",2015-12-02,13.257211328976,0.15156862745098,1.13071895424837
"606",2015-12-03,12.9987142857143,0.256928571428571,1.1
"607",2015-12-05,13.612421875,0.184296875,1.1328125
"608",2015-12-06,28.1414814814815,0.110493827160494,1.10802469135802
"609",2015-12-07,20.2304859335038,0.110306905370844,1.18158567774936
"610",2015-12-08,18.0271148459384,0.110448179271709,1.12044817927171
"611",2015-12-09,22.8616453382084,5.98166361974406,1.09872029250457
"612",2015-12-10,14.2873367697595,1.09235395189003,1.22680412371134
"613",2015-12-12,17.1913356164384,0.821198630136986,1.13698630136986
"614",2015-12-13,36.4766666666667,0.110432098765432,1.09876543209877
"615",2015-12-14,18.9788235294118,0.735970588235294,1.36176470588235
"616",2015-12-15,14.021161971831,0.77556338028169,1.29929577464789
"617",2015-12-16,16.0714081632653,0.125979591836735,1.28775510204082
"618",2015-12-17,15.2483895131086,0.897771535580524,1.16292134831461
"619",2015-12-19,19.9126158940397,1.98715231788079,1.09602649006623
"620",2015-12-20,14.1446913580247,0.183364197530864,1.22222222222222
"621",2015-12-21,13.5763615560641,0.54304347826087,1.1533180778032
"622",2015-12-22,13.8599136069114,0.528812095032397,1.26133909287257
"623",2015-12-23,16.3820852017937,1.38134529147982,1.28026905829596
"624",2015-12-24,20.7431630170316,0.588661800486618,1.35279805352798
"625",2015-12-28,13.0770639534884,0.714709302325581,1.38953488372093
"626",2015-12-29,12.2646214099217,0.130339425587467,1.31070496083551
"627",2015-12-30,28.7693386773547,0.195791583166333,1.1122244488978
"628",2015-12-31,14.4574837310195,0.130911062906725,1.13665943600868
"629",2016-01-03,11.6838602941176,0.179926470588235,1.11764705882353
"630",2016-01-04,11.5835451505017,0.11066889632107,1.19397993311037
"631",2016-01-05,17.3201204819277,0.11066265060241,1.17168674698795
"632",2016-01-06,11.5340697674419,0.124980620155039,1.12984496124031
"633",2016-01-07,11.8565306122449,0.149061224489796,1.23469387755102
"634",2016-01-09,12.636059602649,0.11046357615894,1.21192052980132
"635",2016-01-10,11.592027027027,0.11027027027027,1.0777027027027
"636",2016-01-11,19.6182352941176,-0.544083044982699,1.33217993079585
"637",2016-01-12,11.9472681704261,-0.316817042606516,1.23558897243108
"638",2016-01-13,11.3654142581888,0.125086705202312,1.16377649325626
"639",2016-01-14,11.8510326086957,0.14481884057971,1.13949275362319
"640",2016-01-16,15.3359546925566,0.150258899676375,1.24919093851133
"641",2016-01-17,11.1714285714286,0.601168831168831,1.10909090909091
"642",2016-01-18,13.0410222222222,0.950177777777778,1.17333333333333
"643",2016-01-19,11.1113031161473,0.16399433427762,1.09631728045326
"644",2016-01-20,12.0409936575053,-0.249513742071882,1.21987315010571
"645",2016-01-21,13.5775373134328,0.617860696517413,1.15422885572139
"646",2016-01-23,17.7752508361204,0.126354515050167,1.17391304347826
"647",2016-01-24,20.518231511254,0.110578778135048,1.11897106109325
"648",2016-01-25,11.251375,0.11035,1.205
"649",2016-01-26,21.056918767507,0.163501400560224,1.21288515406162
"650",2016-01-27,14.7913522012579,0.151965408805031,1.13050314465409
"651",2016-01-28,11.6532586206897,0.126724137931034,1.10689655172414
"652",2016-01-30,11.8736298932384,0.110355871886121,1.27758007117438
"653",2016-01-31,29.0752755905512,0.110472440944882,1.14698162729659
"654",2016-02-01,12.4884615384615,0.110461538461538,1.08076923076923
"655",2016-02-02,14.7942455242967,0.219386189258312,1.20204603580563
"656",2016-02-03,11.2336813186813,0.11029304029304,1.15201465201465
"657",2016-02-04,13.5871111111111,0.136153846153846,1.3025641025641
"658",2016-02-06,12.2625185185185,0.110222222222222,1.08888888888889
"659",2016-02-07,9.9978323699422,0.11028901734104,1.09826589595376
"660",2016-02-08,21.1984347826087,0.110405797101449,1.11594202898551
"661",2016-02-09,11.9849514563107,0.257216828478964,1.13915857605178
"662",2016-02-10,13.0376082862524,0.110489642184557,1.21845574387947
"663",2016-02-11,12.0128594771242,0.161732026143791,1.32352941176471
"664",2016-02-13,11.2806923076923,0.110461538461538,1.10384615384615
"665",2016-02-14,13.4633534743202,0.110543806646526,1.26283987915408
"666",2016-02-15,12.3301860465116,0.182790697674419,1.21860465116279
"667",2016-02-16,12.6957289002558,0.110562659846547,1.28644501278772
"668",2016-02-17,26.8738506876228,0.147524557956778,1.19253438113949
"669",2016-02-18,11.71,0.110299065420561,1.14766355140187
"670",2016-02-20,11.528853046595,0.108530465949821,1.10394265232975
"671",2016-02-21,11.0348518518519,0.110518518518519,1.08888888888889
"672",2016-02-22,12.466824925816,0.166498516320475,1.1186943620178
"673",2016-02-23,12.6727513227513,0.130079365079365,1.12962962962963
"674",2016-02-24,14.3614928425358,0.125807770961145,1.18200408997955
"675",2016-02-25,11.0203531300161,0.110224719101124,1.09951845906902
"676",2016-02-27,12.8117857142857,0.110428571428571,1.14642857142857
"677",2016-02-28,14.090628742515,0.167305389221557,1.26347305389222
"678",2016-02-29,13.6531005586592,0.229357541899441,1.20670391061453
"679",2016-03-01,12.5386842105263,0.110421052631579,1.24736842105263
"680",2016-03-02,13.7724672897196,0.145626168224299,1.14766355140187
"681",2016-03-03,13.3422906793049,0.118009478672986,1.10584518167457
"682",2016-03-05,11.0126869806094,0.110221606648199,1.09418282548476
"683",2016-03-06,12.3356125356125,0.164188034188034,1.08262108262108
"684",2016-03-07,11.3471219512195,0.156487804878049,1.14634146341463
"685",2016-03-08,12.7167039106145,0.110502793296089,1.15921787709497
"686",2016-03-09,11.5582684824903,0.110466926070039,1.10505836575875
"687",2016-03-10,12.0875142857143,0.144357142857143,1.32571428571429
"688",2016-03-11,15.78,0.12,2
"689",2016-03-12,11.3374850299401,0.110479041916168,1.16766467065868
"690",2016-03-13,10.9864968152866,0.230955414012739,1.11783439490446
"691",2016-03-14,10.6785611510791,0.110191846522782,1.08153477218225
"692",2016-03-15,13.3126262626263,0.158232323232323,1.0959595959596
"693",2016-03-16,12.3230105633803,0.123714788732394,1.12323943661972
"694",2016-03-17,11.6382024793388,0.149504132231405,1.1797520661157
"695",2016-03-19,13.8777966101695,0.156246973365617,1.1864406779661
"696",2016-03-20,13.7031654676259,0.110431654676259,1.26858513189448
"697",2016-03-21,11.9995011337868,0.110272108843537,1.15419501133787
"698",2016-03-22,11.7982151029748,0.153569794050343,1.09839816933638
"699",2016-03-23,12.1509796672828,0.167892791127542,1.1275415896488
"700",2016-03-24,14.479667721519,0.110126582278481,1.11708860759494
"701",2016-03-26,11.4984025559105,0.170894568690096,1.19169329073482
"702",2016-03-27,15.8589018691589,0.150210280373832,1.28971962616822
"703",2016-03-28,13.1491831683168,0.203910891089109,1.14108910891089
"704",2016-03-29,12.7054788418708,0.20543429844098,1.12694877505568
"705",2016-03-30,11.9345481049563,0.144766763848397,1.16326530612245
"706",2016-03-31,12.9839591836735,0.148897959183673,1.11428571428571
"707",2016-04-02,13.3387912087912,0.110384615384615,1.11263736263736
"708",2016-04-03,11.7709039548023,0.110338983050847,1.14124293785311
"709",2016-04-04,11.4269647696477,0.110433604336043,1.22764227642276
"710",2016-04-05,11.2463502109705,0.15042194092827,1.14978902953587
"711",2016-04-06,11.3791803278689,0.179180327868852,1.0655737704918
"712",2016-04-07,15.9911419249592,0.172022838499184,1.11745513866232
"713",2016-04-09,13.4896129032258,0.110322580645161,1.17096774193548
"714",2016-04-10,11.7892987012987,0.122805194805195,1.12207792207792
"715",2016-04-11,11.3814975845411,0.122053140096618,1.13285024154589
"716",2016-04-12,12.6562711864407,0.130932203389831,1.06214689265537
"717",2016-04-13,11.8330324909747,0.110324909747292,1.2057761732852
"718",2016-04-14,11.8025087719298,0.156894736842105,1.18421052631579
"719",2016-04-16,11.5282840236686,0.110710059171598,1.14201183431953
"720",2016-04-17,16.2030288461538,0.155769230769231,1.15625
"721",2016-04-18,23.2678787878788,0.266749311294766,1.80440771349862
"722",2016-04-19,12.2671399176955,0.110329218106996,1.24485596707819
"723",2016-04-20,11.557530224525,0.110414507772021,1.18825561312608
"724",2016-04-21,17.0174910394265,0.110322580645161,1.1326164874552
"725",2016-04-23,16.065993883792,0.110428134556575,1.44036697247706
"726",2016-04-24,13.128156424581,0.110167597765363,1.41620111731844
"727",2016-04-25,10.9868576388889,0.123697916666667,1.15972222222222
"728",2016-04-26,12.1324162257496,0.223880070546737,1.1305114638448
"729",2016-04-27,14.1330441176471,0.160470588235294,1.48235294117647
"730",2016-04-28,14.0659318996416,0.195304659498208,1.18817204301075
"731",2016-04-30,11.7085532994924,0.158680203045685,1.22335025380711
"732",2016-05-01,11.9646927374302,0.216312849162011,1.22625698324022
"733",2016-05-02,10.6647126436782,0.214528735632184,1.17471264367816
"734",2016-05-03,20.2898691099476,0.209528795811518,1.13089005235602
"735",2016-05-04,12.4405923344948,0.118588850174216,1.21777003484321
"736",2016-05-05,10.8841632653061,0.110163265306122,1.13877551020408
"737",2016-05-07,10.9837931034483,0.110229885057471,1.11781609195402
"738",2016-05-08,13.2270241286863,0.110214477211796,1.07238605898123
"739",2016-05-09,11.1828753180662,0.110101781170483,1.11959287531807
"740",2016-05-10,13.1538861386139,0.122252475247525,1.21287128712871
"741",2016-05-11,11.6573493975904,0.167180722891566,1.08915662650602
"742",2016-05-12,13.0819782214156,0.110399274047187,1.18693284936479
"743",2016-05-14,11.3111949685535,0.110314465408805,1.10062893081761
"744",2016-05-15,11.3271724137931,0.110137931034483,1.27241379310345
"745",2016-05-16,18.1799182561308,0.162043596730245,1.25613079019074
"746",2016-05-17,10.971914893617,0.110330969267139,1.05200945626478
"747",2016-05-18,11.184101010101,0.110282828282828,1.12727272727273
"748",2016-05-19,12.2369500924214,0.145304990757856,1.17744916820702
"749",2016-05-21,11.7603857566766,0.16620178041543,1.05637982195846
"750",2016-05-22,14.69659375,0.1101875,1.10625
"751",2016-05-23,11.164843373494,0.128626506024096,1.13975903614458
"752",2016-05-24,16.7274074074074,3.3937037037037,1.14814814814815
"753",2016-05-25,14.35072265625,1.9925,1.107421875
"754",2016-05-26,11.0224444444444,0.124092592592593,1.07777777777778
"755",2016-05-28,15.3975111111111,0.530088888888889,1.17777777777778
"756",2016-05-29,17.9234437086093,1.5364238410596,1.03973509933775
"757",2016-05-30,17.8865940054496,1.72659400544959,1.20708446866485
"758",2016-05-31,18.7852880658436,0.110411522633745,1.16872427983539
"759",2016-06-01,13.3625274725275,0.629450549450549,1.14972527472527
"760",2016-06-02,13.6463260869565,0.931739130434783,1.22173913043478
"761",2016-06-04,13.2483544303797,0.842816455696203,1.16139240506329
"762",2016-06-05,14.3105447470817,1.58066147859922,1.08171206225681
"763",2016-06-06,12.2687971698113,0.600518867924528,1.19339622641509
"764",2016-06-07,12.5195786516854,1.18497191011236,1.07584269662921
"765",2016-06-08,11.5844782608696,0.151304347826087,1.09782608695652
"766",2016-06-09,22.29832,0.14812,1.198
"767",2016-06-11,14.5231097560976,0.627926829268293,1.08536585365854
"768",2016-06-12,14.1091553133515,0.110217983651226,1.11171662125341
"769",2016-06-13,14.387038961039,1.14085714285714,1.10909090909091
"770",2016-06-14,13.21265,1.14965,1.21
"771",2016-06-15,14.2386021505376,0.78752688172043,1.09677419354839
"772",2016-06-16,22.8126138613861,1.30580198019802,1.21188118811881
"773",2016-06-18,11.1816398713826,0.171157556270096,1.09324758842444
"774",2016-06-19,18.1347513812155,0.123508287292818,1.15469613259669
"775",2016-06-20,16.3754846938775,0.134489795918367,1.21683673469388
"776",2016-06-21,32.1478729281768,0.214640883977901,1.14088397790055
"777",2016-06-22,12.0352674897119,0.12022633744856,1.28395061728395
"778",2016-06-23,13.3625111111111,0.152355555555556,1.32444444444444
"779",2016-06-25,10.2935714285714,0.11055900621118,1.14596273291925
"780",2016-06-26,14.6334355828221,0.110122699386503,1.08282208588957
"781",2016-06-27,16.1614070351759,0.169924623115578,1.12311557788945
"782",2016-06-28,16.8388269794721,0.165659824046921,1.11436950146628
"783",2016-06-29,15.3388712871287,0.484574257425743,1.46138613861386
"784",2016-06-30,17.2586808510638,0.110340425531915,1.14042553191489
"785",2016-07-01,30.35,0.11,1
"786",2016-07-02,15.9335779816514,0.226085626911315,1.13455657492355
"787",2016-07-03,12.0508372093023,0.145674418604651,1.23023255813953
"788",2016-07-04,24.3318640350877,0.152017543859649,1.44298245614035
"789",2016-07-05,10.5425485436893,-0.245339805825243,1.13592233009709
"790",2016-07-06,11.20786,0.14824,1.172
"791",2016-07-07,16.139896373057,0.110673575129534,1.46113989637306
"792",2016-07-09,11.699964664311,0.110212014134276,1.08833922261484
"793",2016-07-10,10.8741807909605,0.123700564971751,1.06497175141243
"794",2016-07-11,14.1154237288136,0.131497175141243,1.11864406779661
"795",2016-07-12,10.750411311054,0.1226735218509,1.22365038560411
"796",2016-07-13,11.0726844262295,0.226598360655738,1.27868852459016
"797",2016-07-14,13.5313720316623,0.110369393139842,1.11345646437995
"798",2016-07-16,11.6484420289855,0.11036231884058,1.08514492753623
"799",2016-07-17,15.9522081218274,0.170329949238579,1.13197969543147
"800",2016-07-18,11.3976885644769,0.1561800486618,1.03649635036496
"801",2016-07-19,10.812,0.156439024390244,1.20975609756098
"802",2016-07-20,13.5463852813853,0.11034632034632,1.14285714285714
"803",2016-07-21,11.623375,0.275729166666667,1.21875
"804",2016-07-23,13.0345818181818,0.137454545454545,1.22545454545455
"805",2016-07-24,13.1820526315789,0.334894736842105,1.29473684210526
"806",2016-07-25,15.5682352941176,0.110433436532508,1.14241486068111
"807",2016-07-26,13.3844179104478,0.189194029850746,1.18208955223881
"808",2016-07-27,11.6469583333333,0.165604166666667,1.12708333333333
"809",2016-07-28,13.3784946236559,0.20389247311828,1.31612903225806
"810",2016-07-30,10.3824908424908,0.137655677655678,1.05494505494505
"811",2016-07-31,13.3893924050633,0.170227848101266,1.09367088607595
"812",2016-08-01,11.7207512953368,0.159378238341969,1.20984455958549
"813",2016-08-02,26.270664893617,0.130664893617021,1.50531914893617
"814",2016-08-03,15.5067567567568,0.11034398034398,1.09090909090909
"815",2016-08-04,14.0846004842615,0.16774818401937,1.26150121065375
"816",2016-08-06,12.916996996997,0.11036036036036,1.0990990990991
"817",2016-08-07,13.704328358209,0.203791044776119,1.51044776119403
"818",2016-08-08,11.8425555555556,0.197,1.25277777777778
"819",2016-08-09,11.5840108401084,0.136449864498645,1.12466124661247
"820",2016-08-10,14.8429166666667,0.121365740740741,1.26388888888889
"821",2016-08-11,12.2748291571754,0.196560364464692,1.16173120728929
"822",2016-08-13,28.2063396226415,0.110452830188679,1.15471698113208
"823",2016-08-14,17.0861660079051,0.110158102766798,1.10671936758893
"824",2016-08-15,11.7680829015544,0.175492227979275,1.18480138169257
"825",2016-08-16,11.5739412997904,0.110587002096436,1.33542976939203
"826",2016-08-17,25.3726181102362,0.14751968503937,1.10629921259843
"827",2016-08-18,15.8375416666667,0.204854166666667,1.32291666666667
"828",2016-08-20,11.2882142857143,0.11030612244898,1.16326530612245
"829",2016-08-21,12.3947284345048,0.186134185303514,1.28434504792332
"830",2016-08-22,11.3157538461538,0.133723076923077,1.08307692307692
"831",2016-08-23,21.2778205128205,0.207641025641026,1.21794871794872
"832",2016-08-24,13.0358671586716,0.119206642066421,1.18265682656827
"833",2016-08-25,15.2495,0.11025,1.15208333333333
"834",2016-08-27,12.090694980695,0.11015444015444,1.1003861003861
"835",2016-08-28,11.1961473087819,0.110396600566572,1.09915014164306
"836",2016-08-29,13.0302352941176,0.124382352941176,1.11176470588235
"837",2016-08-30,11.2192541436464,0.110497237569061,1.18508287292818
"838",2016-08-31,12.8642003853565,0.134354527938343,1.29865125240848
"839",2016-09-01,12.5119362186788,0.282710706150342,1.12756264236902
"840",2016-09-03,12.0539024390244,0.110585365853659,1.14634146341463
"841",2016-09-04,13.7364214046823,0.110802675585284,1.55852842809365
"842",2016-09-05,11.2990384615385,0.110384615384615,1.10989010989011
"843",2016-09-06,12.3812012012012,0.167417417417417,1.26426426426426
"844",2016-09-07,11.4636261682243,0.110635514018692,1.16448598130841
"845",2016-09-08,12.2202288021534,0.133324360699865,1.14670255720054
"846",2016-09-10,11.0911417322835,0.110472440944882,1.11023622047244
"847",2016-09-11,38.7364954682779,0.110302114803625,1.06042296072508
"848",2016-09-12,11.9245251396648,0.110335195530726,1.14804469273743
"849",2016-09-13,20.5507978723404,0.160531914893617,1.17553191489362
"850",2016-09-14,13.5001556420233,0.110233463035019,1.19844357976654
"851",2016-09-15,13.1837188208617,0.110589569160998,1.56916099773243
"852",2016-09-17,27.3526129032258,0.110322580645161,1.34838709677419
"853",2016-09-18,13.6998993288591,0.110268456375839,1.21140939597315
"854",2016-09-19,10.8501082251082,0.151298701298701,1.25324675324675
"855",2016-09-20,27.2135890410959,0.265890410958904,1.14520547945205
"856",2016-09-21,18.9050456621005,0.121438356164384,1.18493150684932
"857",2016-09-22,15.024531024531,0.11023088023088,1.12698412698413
"858",2016-09-24,10.9324652777778,0.110555555555556,1.09722222222222
"859",2016-09-25,38.9033571428571,0.1105,1.31428571428571
"860",2016-09-26,15.6260240963855,0.110421686746988,1.18072289156627
"861",2016-09-27,31.1575683060109,0.110218579234973,1.30874316939891
"862",2016-09-28,17.7126336633663,0.14790099009901,1.15247524752475
"863",2016-09-29,13.8457727272727,0.175090909090909,1.10681818181818
"864",2016-10-01,11.6325837320574,0.110191387559809,1.1244019138756
"865",2016-10-02,20.8444237918216,0.181152416356877,1.35315985130112
"866",2016-10-03,12.1023056300268,0.160991957104558,1.24932975871314
"867",2016-10-04,21.13356545961,0.110111420612813,1.10027855153203
"868",2016-10-05,12.2992082111437,0.137976539589443,1.158357771261
"869",2016-10-06,12.5951489361702,0.241170212765957,1.17446808510638
"870",2016-10-08,28.2830914826498,0.169747634069401,1.11671924290221
"871",2016-10-09,10.8859191176471,0.110294117647059,1.07352941176471
"872",2016-10-10,11.9212162162162,0.181972972972973,1.31081081081081
"873",2016-10-11,12.0101149425287,0.164597701149425,1.16666666666667
"874",2016-10-12,15.6414194915254,0.190593220338983,1.20550847457627
"875",2016-10-13,20.3906684141547,0.116671035386632,1.25425950196592
"876",2016-10-15,11.9291594202899,0.110289855072464,1.06666666666667
"877",2016-10-16,13.3230418250951,0.110456273764259,1.14068441064639
"878",2016-10-17,12.9534504792332,0.110255591054313,1.20127795527157
"879",2016-10-18,11.3788636363636,0.110454545454545,1.17532467532468
"880",2016-10-19,11.5460039370079,0.11990157480315,1.21259842519685
"881",2016-10-20,19.6644174757282,0.110436893203884,1.23543689320388
"882",2016-10-22,12.420546875,0.110625,1.17578125
"883",2016-10-23,10.6969811320755,0.193553459119497,1.13836477987421
"884",2016-10-24,11.7295041322314,0.123856749311295,1.25068870523416
"885",2016-10-25,11.7820882352941,0.110235294117647,1.12058823529412
"886",2016-10-26,18.2608039215686,0.162294117647059,1.28235294117647
"887",2016-10-27,11.4887543859649,0.176877192982456,1.18771929824561
"888",2016-10-29,13.3962962962963,0.110123456790123,1.14506172839506
"889",2016-10-30,11.777876344086,0.270806451612903,1.17204301075269
"890",2016-10-31,11.7426108374384,0.110689655172414,1.18226600985222
"891",2016-11-01,17.2304666666667,0.110333333333333,1.09333333333333
"892",2016-11-02,11.9046414342629,0.251812749003984,1.11354581673307
"893",2016-11-03,10.8289845474614,0.215121412803532,1.09933774834437
"894",2016-11-05,18.7715151515152,0.648939393939394,1.10227272727273
"895",2016-11-06,12.9457818181818,1.42112727272727,1.06909090909091
"896",2016-11-07,16.1753,1.71653333333333,1.21666666666667
"897",2016-11-08,12.3430965909091,0.689659090909091,1.21875
"898",2016-11-09,11.6165904365904,0.435696465696466,1.13097713097713
"899",2016-11-10,15.9003278688525,0.431065573770492,1.0922131147541
"900",2016-11-12,13.3077622377622,0.823286713286713,1.11888111888112
"901",2016-11-13,13.1977083333333,1.8095,1.10833333333333
"902",2016-11-14,13.9356790123457,0.730987654320988,1.13333333333333
"903",2016-11-15,12.0493548387097,1.18064516129032,1.10322580645161
"904",2016-11-16,17.6353846153846,2.83923076923077,1.45819397993311
"905",2016-11-17,16.9453628318584,0.865469026548673,1.14513274336283
"906",2016-11-19,23.6016981132075,3.3177358490566,1.42452830188679
"907",2016-11-20,15.1388363636364,1.76578181818182,1.16
"908",2016-11-21,16.1273846153846,0.606707692307692,1.28
"909",2016-11-22,75.09,0.11,1
"910",2016-11-23,15.2011203319502,0.641452282157676,1.08713692946058
"911",2016-11-24,19.327027027027,0.183436293436293,1.15057915057915
"912",2016-11-26,33.7255450236967,0.222559241706161,1.07582938388626
"913",2016-11-27,11.3999647887324,0.110281690140845,1.10211267605634
"914",2016-11-28,21.109537037037,0.1675,1.19907407407407
"915",2016-11-29,26.0055374592834,0.110390879478827,1.19218241042345
"916",2016-11-30,15.1630258302583,0.110369003690037,1.08487084870849
"917",2016-12-01,13.1396575342466,0.191746575342466,1.1027397260274
"918",2016-12-03,12.8318181818182,0.110165289256198,1.08264462809917
"919",2016-12-04,11.1189427312775,0.110176211453744,1.06167400881057
"920",2016-12-05,22.4471508379888,3.80469273743017,1.40502793296089
"921",2016-12-06,18.7381952662722,2.92760355029586,1.16272189349112
"922",2016-12-07,11.8567281105991,0.545529953917051,1.09216589861751
"923",2016-12-08,13.9428822055138,1.05761904761905,1.1077694235589
"924",2016-12-10,14.6956779661017,1.7114406779661,1.13135593220339
"925",2016-12-11,36.7498701298701,0.110649350649351,1.26298701298701
"926",2016-12-12,22.3126277372263,6.60277372262774,1.35036496350365
"927",2016-12-13,17.5541860465116,3.17,1.2093023255814
"928",2016-12-14,12.8121481481481,0.974395061728395,1.11604938271605
"929",2016-12-15,16.8669675925926,0.887615740740741,1.15277777777778
"930",2016-12-17,15.9078282828283,1.49909090909091,1.33333333333333
"931",2016-12-18,26.7579726027397,4.11304109589041,1.2
"932",2016-12-19,16.6462739726027,2.96356164383562,1.4986301369863
"933",2016-12-20,22.7977631578947,2.01,1.53947368421053
"934",2016-12-21,14.9516624685139,0.911133501259446,1.28463476070529
"935",2016-12-22,16.7556551724138,0.85251724137931,1.12413793103448
"936",2016-12-24,61.8836363636364,8.10636363636364,1
"937",2016-12-27,12.8380718954248,0.110457516339869,1.1797385620915
"938",2016-12-28,12.1786666666667,0.110405797101449,1.12463768115942
"939",2016-12-29,12.1823529411765,0.110588235294118,1.13602941176471
"940",2016-12-31,16.2949310344828,0.195655172413793,1.50344827586207
"941",2017-01-01,12.3674285714286,0.191321428571429,1.24285714285714
"942",2017-01-02,10.8855784061697,0.110154241645244,1.12082262210797
"943",2017-01-03,15.9366666666667,0.165847953216374,1.26315789473684
"944",2017-01-04,11.324818401937,0.110387409200969,1.09685230024213
"945",2017-01-05,12.0849853372434,0.110293255131965,1.14956011730205
"946",2017-01-07,17.9868932038835,-0.807621359223301,1.21359223300971
"947",2017-01-08,12.0200796812749,0.110159362549801,1.13545816733068
"948",2017-01-09,11.6856333333333,0.160533333333333,1.16666666666667
"949",2017-01-10,22.6999300699301,0.770699300699301,1.18181818181818
"950",2017-01-11,14.3344247787611,0.528451327433628,1.16814159292035
"951",2017-01-12,11.9634745762712,0.110296610169492,1.16525423728814
"952",2017-01-14,12.258,0.110384615384615,1.11538461538462
"953",2017-01-15,9.32033472803347,-1.67589958158996,1.20502092050209
"954",2017-01-16,10.6528278688525,0.110655737704918,1.13934426229508
"955",2017-01-17,12.2258529411765,0.721647058823529,1.20882352941176
"956",2017-01-18,11.0266219839142,0.110214477211796,1.07506702412869
"957",2017-01-19,12.644609375,0.10962890625,1.12109375
"958",2017-01-21,10.573178807947,0.110198675496689,1.1523178807947
"959",2017-01-22,12.4195486111111,0.176805555555556,1.56597222222222
"960",2017-01-23,12.247609561753,1.01414342629482,1.35059760956175
"961",2017-01-24,19.915,1.02338164251208,1.14251207729469
"962",2017-01-25,20.4406928406467,0.546674364896074,1.23094688221709
"963",2017-01-26,14.2363526570048,0.122004830917874,1.11594202898551
"964",2017-01-28,14.6837007874016,0.110314960629921,1.12992125984252
"965",2017-01-29,15.0765612648221,0.110316205533597,1.14229249011858
"966",2017-01-30,10.6743060498221,0.110213523131673,1.2846975088968
"967",2017-01-31,12.3564077669903,0.272588996763754,1.06796116504854
"968",2017-02-01,14.1833402061856,0.110536082474227,1.21443298969072
"969",2017-02-02,19.4278221415608,0.203085299455535,1.30671506352087
"970",2017-02-04,40.2841626794258,0.110478468899522,1.11483253588517
"971",2017-02-05,11.4627272727273,0.175627705627706,1.13419913419913
"972",2017-02-06,11.7945918367347,0.174761904761905,1.17687074829932
"973",2017-02-07,71.9226086956522,0.110289855072464,1.13333333333333
"974",2017-02-08,11.5533555555556,0.120955555555556,1.14444444444444
"975",2017-02-09,11.809649122807,0.125224171539961,1.13840155945419
"976",2017-02-11,11.41,0.110109289617486,1.04918032786885
"977",2017-02-12,11.0048745519713,0.110573476702509,1.11111111111111
"978",2017-02-13,18.5863253012048,0.22421686746988,1.10843373493976
"979",2017-02-14,12.2198086124402,0.110239234449761,1.07655502392344
"980",2017-02-15,19.4670437017995,0.110411311053985,1.23393316195373
"981",2017-02-16,11.3451492537313,0.124309701492537,1.11567164179104
"982",2017-02-18,14.6358914728682,0.11046511627907,1.09043927648579
"983",2017-02-19,9.82916666666667,0.11075,1.12083333333333
"984",2017-02-20,10.806,0.135147540983607,1.11475409836066
"985",2017-02-21,10.8815342465753,0.110438356164384,1.11232876712329
"986",2017-02-22,11.3302542372881,0.150762711864407,1.15042372881356
"987",2017-02-23,12.0243832599119,0.153854625550661,1.11674008810573
"988",2017-02-25,11.1755905511811,0.110314960629921,1.04330708661417
"989",2017-02-26,14.1425,-0.537568493150685,1.1027397260274
"990",2017-02-27,21.441847133758,0.110382165605096,1.3343949044586
"991",2017-02-28,12.8706962025316,0.170443037974684,1.20569620253165
"992",2017-03-01,13.0130597014925,0.157611940298507,1.23383084577114
"993",2017-03-02,21.0059635416667,0.130026041666667,1.0703125
"994",2017-03-04,11.153786407767,0.232718446601942,1.13592233009709
"995",2017-03-05,13.6392344497608,0.110861244019139,1.29665071770335
"996",2017-03-06,11.5959706959707,0.17974358974359,1.13553113553114
"997",2017-03-07,41.4193610223642,0.170958466453674,1.08945686900958
"998",2017-03-08,11.7897213622291,0.133684210526316,1.08049535603715
"999",2017-03-09,12.7383820224719,0.110359550561798,1.15280898876404
"1000",2017-03-11,18.0926587301587,0.129484126984127,1.15079365079365
"1001",2017-03-12,12.54216,0.21628,1.184
"1002",2017-03-13,11.43025,0.11025,1.096875
"1003",2017-03-14,14.6330838323353,0.167125748502994,1.08682634730539
"1004",2017-03-15,14.7827628865979,0.110247422680412,1.08247422680412
"1005",2017-03-16,10.9943228200371,0.119257884972171,1.08905380333952
"1006",2017-03-18,12.5210468319559,0.162506887052342,1.1129476584022
"1007",2017-03-19,11.7135951661631,0.224803625377644,1.11480362537764
"1008",2017-03-20,11.4710344827586,0.110689655172414,1.07758620689655
"1009",2017-03-21,11.2094805194805,0.110454545454545,1.17532467532468
"1010",2017-03-22,13.199848812095,0.110345572354212,1.0755939524838
"1011",2017-03-23,13.4802140077821,0.14727626459144,1.18093385214008
"1012",2017-03-25,11.806393442623,0.218565573770492,1.09016393442623
"1013",2017-03-26,11.1282173913043,0.110173913043478,1.05217391304348
"1014",2017-03-27,10.1535135135135,0.161621621621622,1.09189189189189
"1015",2017-03-28,24.7692792792793,0.11042042042042,1.21321321321321
"1016",2017-03-29,10.4825430210325,0.124894837476099,1.09177820267686
"1017",2017-03-30,12.0309497206704,0.119180633147114,1.22160148975791
"1018",2017-03-31,390.04,0.11,1.33333333333333
"1019",2017-04-01,11.2542545454545,0.206618181818182,1.10909090909091
"1020",2017-04-02,10.5559009009009,0.144279279279279,1.09009009009009
"1021",2017-04-03,12.0636686390533,0.22207100591716,1.05917159763314
