"","date","PRCP","SNOW","TMAX","TMIN"
"1",2011-01-04,0,0,24.98,8.96
"2",2011-01-05,0,0,23,1.94
"3",2011-01-06,0,0,15.98,1.94
"4",2011-01-07,0,0,15.08,-0.94
"5",2011-01-08,0,0,17.06,-0.04
"6",2011-01-09,0,0,17.06,3.92
"7",2011-01-10,0,0,21.92,3.92
"8",2011-01-11,0,0,33.98,15.98
"9",2011-01-12,0,0,39.92,15.08
"10",2011-01-13,0,0,50,26.96
"11",2011-01-14,2.007874016,2.992125984,37.94,17.96
"12",2011-01-15,0,0.511811024,21.02,12.02
"13",2011-01-16,0,0,15.08,3.92
"14",2011-01-17,0,0,12.02,-0.94
"15",2011-01-18,0,0,15.98,3.02
"16",2011-01-19,0,0,24.08,12.92
"17",2011-01-20,0,0,24.08,6.98
"18",2011-01-21,0,0,19.04,6.98
"19",2011-01-22,0,0,21.92,3.92
"20",2011-01-23,0,0,19.94,1.94
"21",2011-01-24,0,0,23,3.02
"22",2011-01-25,0,0,24.08,3.02
"23",2011-01-26,0,0,24.98,6.98
"24",2011-01-27,0.984251969,0,37.94,19.04
"25",2011-01-28,0.196850394,0,39.02,32
"26",2011-01-29,0.118110236,0,37.04,28.94
"27",2011-01-30,0.590551181,0,50,33.98
"28",2011-01-31,1.614173228,1.496062992,39.02,23
"29",2011-02-01,2.716535433,4.015748031,28.04,21.02
"30",2011-02-02,2.283464567,3.385826772,33.08,21.02
"31",2011-02-03,0,0,44.96,30.02
"32",2011-02-04,0,0,42.08,23
"33",2011-02-05,0,0,39.92,17.06
"34",2011-02-06,0,0,39.92,21.92
"35",2011-02-07,0,0,37.94,12.02
"36",2011-02-08,0,0,46.04,19.04
"37",2011-02-09,0,0,39.92,24.98
"38",2011-02-10,0,0,46.94,19.04
"39",2011-02-11,0.905511811,0.984251969,46.94,28.04
"40",2011-02-12,0.590551181,2.007874016,35.96,26.06
"41",2011-02-13,2.007874016,2.007874016,32,24.08
"42",2011-02-14,0,0,32,19.94
"43",2011-02-15,0,0,30.02,14
"44",2011-02-16,0,0,35.96,24.08
"45",2011-02-17,0,0,42.98,24.98
"46",2011-02-18,0,0,42.98,21.02
"47",2011-02-19,0,0,46.94,21.02
"48",2011-02-20,0,0,39.92,28.04
"49",2011-02-21,0,0,41,17.96
"50",2011-02-22,0,0,55.04,24.98
"51",2011-02-23,0,0,48.02,32
"52",2011-02-24,0,0,42.98,26.96
"53",2011-02-25,0.196850394,0.984251969,35.06,24.08
"54",2011-02-26,1.417322835,2.007874016,33.98,24.98
"55",2011-02-27,0.31496063,0.511811024,35.96,21.02
"56",2011-02-28,0,0,39.02,15.08
"57",2011-03-01,0,0,39.02,24.08
"58",2011-03-02,0,0,35.96,15.08
"59",2011-03-03,0,0,42.98,17.96
"60",2011-03-04,0,0,51.08,33.08
"61",2011-03-05,0,0,55.04,26.96
"62",2011-03-06,0.196850394,0,48.92,35.96
"63",2011-03-07,0,0,48.92,33.98
"64",2011-03-08,0,0,53.96,21.02
"65",2011-03-09,0,0,62.06,32
"66",2011-03-10,0,0,59,35.06
"67",2011-03-11,0,0,48.02,37.04
"68",2011-03-12,0,0,50,35.06
"69",2011-03-13,0,0,50,26.06
"70",2011-03-14,0,0,55.04,28.94
"71",2011-03-15,0,0,59,39.92
"72",2011-03-16,0,0,68,35.06
"73",2011-03-17,0,0,75.92,39.02
"74",2011-03-18,0,0,75.02,42.98
"75",2011-03-19,0,0,71.06,42.98
"76",2011-03-20,0,0,62.06,39.02
"77",2011-03-21,0,0,55.04,33.08
"78",2011-03-22,0,0,55.94,35.06
"79",2011-03-23,0,0,60.98,39.02
"80",2011-03-24,0,0,60.08,35.96
"81",2011-03-25,0.393700787,0,46.94,28.04
"82",2011-03-26,1.417322835,2.007874016,35.06,23
"83",2011-03-27,0,0,42.08,19.94
"84",2011-03-28,0,0,51.08,21.92
"85",2011-03-29,0,0,62.96,35.96
"86",2011-03-30,0,0,66.92,35.06
"87",2011-03-31,0,0,71.06,41
"88",2011-04-01,0,0,69.98,46.94
"89",2011-04-02,0,0,68,41
"90",2011-04-03,0,0,69.98,37.94
"91",2011-04-04,1.102362205,0,71.06,46.04
"92",2011-04-05,4.015748031,0,59,41
"93",2011-04-06,0,0,68,37.94
"94",2011-04-07,0,0,73.04,42.08
"95",2011-04-08,0,0,69.98,44.06
"96",2011-04-09,0.118110236,0,62.06,42.08
"97",2011-04-10,0,0,66.02,39.92
"98",2011-04-11,2.598425197,0,62.06,39.92
"99",2011-04-12,0.984251969,0.984251969,62.96,26.96
"100",2011-04-13,0.118110236,0,53.06,28.04
"101",2011-04-14,2.007874016,0,57.92,39.02
"102",2011-04-15,0,0,60.98,35.06
"103",2011-04-16,0,0,60.98,33.98
"104",2011-04-17,0.196850394,0,62.06,35.06
"105",2011-04-18,1.811023622,2.007874016,51.08,32
"106",2011-04-19,0.984251969,0.984251969,41,32
"107",2011-04-20,0,0,44.96,30.02
"108",2011-04-21,0,0,51.08,28.94
"109",2011-04-22,0,0,55.04,26.96
"110",2011-04-23,2.716535433,0,55.94,39.02
"111",2011-04-24,0,0,66.92,35.06
"112",2011-04-25,0,0,55.94,42.08
"113",2011-04-26,0,0,57.92,30.92
"114",2011-04-27,0,0,62.06,37.04
"115",2011-04-28,0,0,66.92,35.06
"116",2011-04-29,0,0,71.06,35.96
"117",2011-04-30,0,0,73.04,39.92
"118",2011-05-01,0,0,78.08,44.06
"119",2011-05-02,0,0,77,46.04
"120",2011-05-03,0,0,75.92,50
"121",2011-09-04,0,0,82.94,64.94
"122",2011-09-05,0.196850394,0,89.06,68
"123",2011-09-06,2.598425197,0,91.04,62.06
"124",2011-09-07,0,0,91.04,64.04
"125",2011-09-08,0,0,96.08,66.02
"126",2011-09-09,0,0,95,66.02
"127",2011-09-10,7.598425197,0,91.04,60.98
"128",2011-09-11,0.196850394,0,73.94,60.08
"129",2011-09-12,0,0,80.96,59
"130",2011-09-13,0,0,78.98,62.96
"131",2011-09-14,0.511811024,0,80.96,60.98
"132",2011-09-15,1.88976378,0,78.98,57.92
"133",2011-09-16,2.204724409,0,73.94,60.98
"134",2011-09-17,2.519685039,0,75.02,57.92
"135",2011-09-18,0,0,80.06,50
"136",2011-09-19,1.88976378,0,87.08,57.02
"137",2011-09-20,1.299212598,0,87.08,62.96
"138",2011-09-21,0,0,87.08,57.92
"139",2011-09-22,0,0,71.96,44.06
"140",2011-09-23,0,0,84.02,44.96
"141",2011-09-24,0,0,86,51.98
"142",2011-09-25,0,0,84.92,60.08
"143",2011-09-26,0,0,84.92,51.08
"144",2011-09-27,0,0,80.06,46.04
"145",2011-09-28,0,0,80.06,48.02
"146",2011-09-29,0.511811024,0.511811024,78.98,42.98
"147",2011-09-30,2.598425197,0,55.04,39.92
"148",2011-10-01,0,0,66.02,33.98
"149",2011-10-02,0,0,75.02,41
"150",2011-10-03,0,0,80.96,46.04
"151",2011-10-04,0,0,80.96,46.04
"152",2011-10-05,0,0,78.98,48.92
"153",2011-10-06,0.393700787,0,73.94,46.94
"154",2011-10-07,2.519685039,0,50,35.06
"155",2011-10-08,0,0,55.94,30.92
"156",2011-10-09,0,0,66.02,33.98
"157",2011-10-10,0,0,75.92,39.02
"158",2011-10-11,0,0,75.92,44.96
"159",2011-10-12,0,0,69.98,41
"160",2011-10-13,2.598425197,0,66.02,44.96
"161",2011-10-14,2.598425197,0,66.02,39.02
"162",2011-10-15,0,0,66.92,37.04
"163",2011-10-16,0.590551181,0,66.02,48.92
"164",2011-10-17,4.212598425,0,55.94,41
"165",2011-10-18,0,0,55.04,35.06
"166",2011-10-19,0,0,55.94,30.92
"167",2011-10-20,0,0,60.08,33.08
"168",2011-10-21,0,0,57.92,33.08
"169",2011-10-22,0,0,62.06,32
"170",2011-10-23,0,0,62.96,33.98
"171",2011-10-24,0,0,64.04,35.06
"172",2011-10-25,0,0,66.02,35.06
"173",2011-10-26,0,0,69.08,37.04
"174",2011-10-27,0,0,68,37.94
"175",2011-10-28,0,0,69.08,42.08
"176",2011-10-29,0,0,68,39.02
"177",2011-10-30,0,0,71.06,37.94
"178",2011-10-31,0,0,69.08,55.94
"179",2011-11-01,2.007874016,0,57.92,41
"180",2011-11-02,0,0,50,37.94
"181",2011-11-03,0,0,53.06,41
"182",2011-11-04,0,0,57.92,44.96
"183",2011-11-05,0,0,69.98,33.98
"184",2011-11-06,0.590551181,0,69.98,33.98
"185",2011-11-07,0.31496063,0,39.92,19.94
"186",2011-11-08,0,0,42.08,26.06
"187",2011-11-09,0,0,53.96,26.96
"188",2011-11-10,0,0,57.02,30.02
"189",2011-11-11,0,0,66.02,42.08
"190",2011-11-12,0,0,64.94,33.08
"191",2011-11-13,0,0,68,33.08
"192",2011-11-14,0,0,66.02,33.08
"193",2011-11-15,0,0,64.94,33.08
"194",2011-11-16,0,0,62.06,37.04
"195",2011-11-17,0,0,57.02,32
"196",2011-11-18,1.614173228,0,55.04,35.06
"197",2011-11-19,2.007874016,0,35.06,30.02
"198",2011-11-20,0,0,53.96,33.08
"199",2011-11-21,0,0,62.96,30.92
"200",2011-11-22,0.196850394,0,53.06,39.92
"201",2011-11-23,0.393700787,0,48.92,37.94
"202",2011-11-24,0,0,44.96,35.06
"203",2011-11-25,0.31496063,0,42.08,35.06
"204",2011-11-26,0,0,46.94,26.06
"205",2011-11-27,0,0,42.98,35.96
"206",2011-11-28,2.519685039,0,44.06,26.96
"207",2011-11-29,0,0,48.92,24.98
"208",2011-11-30,0,0,53.96,26.06
"209",2011-12-01,0,0,53.96,28.04
"210",2011-12-02,0,0,51.98,26.06
"211",2011-12-03,0,0,57.92,26.96
"212",2011-12-04,0,0,51.08,26.06
"213",2011-12-05,0,0,51.98,26.96
"214",2011-12-06,14.21259843,8.503937008,53.06,23
"215",2011-12-07,0.984251969,0.984251969,48.02,12.92
"216",2011-12-08,0.787401575,0.984251969,24.08,14
"217",2011-12-09,0,0,21.92,10.94
"218",2011-12-10,0,0,28.94,10.94
"219",2011-12-11,0,0,26.06,12.02
"220",2011-12-12,0,0,19.94,3.92
"221",2011-12-13,0,0,19.94,8.96
"222",2011-12-14,0,0,24.08,6.08
"223",2011-12-15,0,0,24.08,6.08
"224",2011-12-16,0,0,30.92,6.98
"225",2011-12-17,0,0,28.94,15.98
"226",2011-12-18,0,0,30.92,12.02
"227",2011-12-19,0,0,33.98,12.02
"228",2011-12-20,0,0,33.08,12.92
"229",2011-12-21,3.503937008,2.992125984,39.92,17.06
"230",2011-12-22,0.393700787,0.984251969,39.92,30.02
"231",2011-12-23,1.181102362,0.984251969,39.92,24.08
"232",2011-12-24,0.590551181,0.984251969,28.94,21.92
"233",2011-12-25,1.181102362,0.984251969,32,23
"234",2011-12-26,0,0,37.94,24.08
"235",2011-12-27,0,0,42.98,30.02
"236",2011-12-28,0,0,41,15.08
"237",2011-12-29,0,0,39.92,19.04
"238",2011-12-30,0,0,35.96,15.08
"239",2011-12-31,0,0,37.04,19.04
"240",2012-01-01,0,0,33.08,12.92
"241",2012-01-02,0,0,37.94,17.96
"242",2012-01-03,0,0,39.92,21.92
"243",2012-01-04,0,0,44.96,19.94
"244",2012-01-05,0,0,39.92,19.04
"245",2012-01-06,0,0,33.08,26.06
"246",2012-01-07,0,0,35.06,26.96
"247",2012-01-08,0,0,30.92,14
"248",2012-01-09,0,0,33.08,12.02
"249",2012-01-10,0,0,33.08,17.96
"250",2012-01-11,0,0,32,28.04
"251",2012-01-12,2.795275591,2.992125984,33.08,26.06
"252",2012-01-13,0.708661417,0.984251969,42.98,26.96
"253",2012-01-14,0,0,46.94,26.96
"254",2012-01-15,0,0,48.92,33.08
"255",2012-01-16,0,0,44.06,28.04
"256",2012-01-17,0,0,44.06,23
"257",2012-01-18,0,0,42.98,21.92
"258",2012-01-19,0,0,41,19.94
"259",2012-01-20,0,0,41,19.94
"260",2012-01-21,0,0,42.98,19.04
"261",2012-01-22,0,0,44.96,17.96
"262",2012-01-23,0,0,44.96,19.94
"263",2012-01-24,0,0,44.06,19.04
"264",2012-01-25,0,0,39.92,19.94
"265",2012-01-26,0,0,44.96,15.98
"266",2012-01-27,0,0,41,17.06
"267",2012-01-28,0,0,39.92,15.98
"268",2012-01-29,0,0,41,19.04
"269",2012-01-30,0,0,46.04,21.02
"270",2012-01-31,0,0,42.98,21.02
"271",2012-02-01,5.590551181,5.984251969,46.04,28.94
"272",2012-02-02,0.984251969,0.984251969,42.98,32
"273",2012-02-03,1.692913386,2.007874016,35.96,33.08
"274",2012-02-04,0,0,33.98,23
"275",2012-02-05,0.118110236,0,37.94,19.94
"276",2012-02-06,0,0,39.92,21.02
"277",2012-02-07,0.196850394,0.984251969,35.06,23
"278",2012-02-08,0.511811024,0,33.08,14
"279",2012-02-09,0,0,39.02,21.02
"280",2012-02-10,0.393700787,0,39.92,30.92
"281",2012-02-11,0.511811024,0,44.06,37.94
"282",2012-02-12,6.181102362,0,46.94,39.02
"283",2012-02-13,4.291338583,0,44.06,33.98
"284",2012-02-14,0,0,46.04,26.96
"285",2012-02-15,0.984251969,0,48.02,30.02
"286",2012-02-16,0.393700787,0,57.92,37.94
"287",2012-02-17,0.393700787,0,53.06,39.02
"288",2012-02-19,0,0,60.08,41
"289",2012-02-20,0,0,55.94,26.06
"290",2012-02-21,0,0,53.96,33.08
"291",2012-02-22,0,0,51.08,30.02
"292",2012-02-23,0,0,41,23
"293",2012-02-24,0,0,51.08,26.96
"294",2012-02-25,0,0,53.06,24.98
"295",2012-02-26,0,0,59,26.06
"296",2012-02-27,0,0,64.04,30.92
"297",2012-02-28,0,0,64.04,30.92
"298",2012-02-29,0,0,64.04,33.08
"299",2012-03-01,3.897637795,0,60.08,37.94
"300",2012-03-02,0.905511811,0,51.08,32
"301",2012-03-03,2.992125984,0,55.04,41
"302",2012-03-04,0,0,55.94,33.98
"303",2012-03-05,0,0,60.08,44.06
"304",2012-03-06,1.181102362,0,53.96,39.02
"305",2012-03-07,0,0,57.92,30.92
"306",2012-03-08,0,0,60.08,37.04
"307",2012-03-09,4.488188976,0,55.94,37.94
"308",2012-03-10,0,0,53.96,30.92
"309",2012-03-11,0.118110236,0,64.94,32
"310",2012-03-12,0,0,66.92,42.08
"311",2012-03-13,0.511811024,0.984251969,62.06,32
"312",2012-03-14,0,0,53.06,28.04
"313",2012-03-15,0,0,60.08,28.04
"314",2012-03-16,0,0,60.08,28.94
"315",2012-03-17,0,0,60.08,37.04
"316",2012-03-18,0,0,62.96,28.94
"317",2012-03-19,0,0,62.96,39.02
"318",2012-03-20,0,0,44.06,28.94
"319",2012-03-21,0,0,53.06,24.98
"320",2012-03-22,0,0,62.96,28.94
"321",2012-03-23,0,0,60.98,33.98
"322",2012-03-24,0.31496063,0,53.96,37.04
"323",2012-03-25,0,0,60.08,28.04
"324",2012-03-26,0,0,62.06,30.92
"325",2012-03-27,0,0,71.96,35.06
"326",2012-03-28,0.118110236,0,64.04,39.92
"327",2012-03-29,4.015748031,0,51.08,33.98
"328",2012-03-30,0,0,55.94,30.92
"329",2012-03-31,0,0,64.94,39.02
"330",2012-04-01,0.984251969,0,62.06,37.94
"331",2012-04-02,0,0,51.98,30.02
"332",2012-04-03,1.102362205,0,51.08,35.96
"333",2012-04-04,2.086614173,0,46.94,32
"334",2012-04-05,0,0,51.98,30.92
"335",2012-04-07,0,0,59,30.92
"336",2012-04-08,0,0,53.06,37.04
"337",2012-04-09,0,0,64.04,35.06
"338",2012-04-10,0,0,71.96,37.04
"339",2012-04-11,0,0,77,44.96
"340",2012-04-12,0,0,73.94,42.98
"341",2012-04-13,0,0,78.98,44.06
"342",2012-04-14,0,0,77,48.02
"343",2012-04-15,1.88976378,0,62.96,39.02
"344",2012-04-16,0,0,55.94,33.08
"345",2012-04-17,0,0,69.98,35.06
"346",2012-04-18,0,0,60.98,42.98
"347",2012-04-19,0,0,73.94,35.06
"348",2012-04-20,0,0,75.02,50
"349",2012-04-21,0,0,73.94,44.06
"350",2012-04-22,0,0,73.04,48.02
"351",2012-04-23,0,0,78.08,42.08
"352",2012-04-24,0,0,75.02,55.04
"353",2012-04-25,0,0,73.04,37.04
"354",2012-04-26,0,0,69.98,33.98
"355",2012-04-29,9.015748031,0,71.06,37.04
"356",2012-04-30,2.519685039,0,51.08,35.06
"357",2012-05-01,0,0,55.04,30.02
"358",2012-05-02,0,0,62.96,33.98
"359",2012-05-04,0,0,73.94,41
"360",2012-05-05,0,0,87.08,42.08
"361",2012-05-06,0,0,84.02,53.96
"362",2012-05-07,0,0,82.94,55.04
"363",2012-05-08,0,0,71.96,46.94
"364",2012-05-09,2.007874016,0,62.06,39.02
"365",2012-05-10,4.094488189,0,60.08,37.04
"366",2012-05-11,0.590551181,0,60.08,39.92
"367",2012-05-12,0.196850394,0,57.02,33.98
"368",2012-05-13,0,0,64.04,35.06
"369",2012-05-14,0,0,71.96,37.04
"370",2012-05-15,0,0,78.98,42.08
"371",2012-05-16,0,0,71.96,37.04
"372",2012-05-17,0,0,78.98,42.08
"373",2012-05-18,0,0,80.96,46.94
"374",2012-05-19,0,0,84.02,48.02
"375",2012-05-20,0,0,84.92,46.94
"376",2012-05-21,0,0,80.96,50
"377",2012-05-22,0,0,82.04,48.02
"378",2012-05-23,0,0,82.94,46.94
"379",2012-05-24,0,0,82.94,46.94
"380",2012-05-25,0,0,82.04,53.06
"381",2012-05-26,0,0,71.06,53.06
"382",2012-05-27,0,0,80.06,51.98
"383",2012-05-28,0,0,87.08,53.96
"384",2012-05-29,0,0,93.92,55.94
"385",2012-05-30,0,0,93.92,62.96
"386",2012-05-31,0,0,91.04,60.98
"387",2012-06-01,0,0,89.96,53.06
"388",2012-06-02,0,0,91.94,55.04
"389",2012-06-03,0,0,89.96,55.04
"390",2012-06-04,0,0,89.96,50
"391",2012-06-05,0,0,91.04,66.02
"392",2012-06-06,0,0,87.98,55.04
"393",2012-06-07,0,0,86,51.98
"394",2012-06-08,0,0,89.06,51.08
"395",2012-06-09,0,0,87.98,53.06
"396",2012-06-10,0,0,87.98,59
"397",2012-06-11,0,0,87.08,51.98
"398",2012-06-12,0,0,91.04,60.08
"399",2012-06-13,0,0,86,59
"400",2012-06-14,0,0,91.94,55.04
"401",2012-06-15,0,0,87.08,66.02
"402",2012-06-16,0,0,84.92,53.96
"403",2012-06-17,0,0,82.04,53.06
"404",2012-06-18,0,0,78.98,53.06
"405",2012-06-19,0,0,71.06,46.04
"406",2012-06-20,0,0,66.92,42.08
"407",2012-06-21,0,0,78.08,46.04
"408",2012-06-22,0,0,91.94,51.98
"409",2012-06-23,0,0,93.02,57.02
"410",2012-06-24,0,0,91.04,57.02
"411",2012-06-25,0,0,91.94,55.94
"412",2012-06-26,0,0,95,59
"413",2012-06-27,0,0,96.08,59
"414",2012-06-28,0,0,96.08,66.92
"415",2012-06-29,0,0,78.98,55.94
"416",2012-06-30,0,0,87.98,53.96
"417",2012-07-01,0,0,93.02,55.04
"418",2012-07-02,0,0,91.94,55.94
"419",2012-07-03,0,0,91.94,53.96
"420",2012-07-04,0,0,98.06,57.02
"421",2012-07-05,0,0,98.06,66.92
"422",2012-07-06,0,0,98.96,64.94
"423",2012-07-07,0,0,98.06,64.04
"424",2012-07-08,0,0,100.04,64.94
"425",2012-07-09,0,0,100.94,64.94
"426",2012-07-10,0,0,100.04,62.06
"427",2012-07-11,0,0,100.04,69.98
"428",2012-07-12,0.196850394,0,95,68
"429",2012-07-13,2.716535433,0,93.02,64.04
"430",2012-07-14,0,0,93.92,64.04
"431",2012-07-15,0,0,98.96,68
"432",2012-07-16,0,0,100.94,66.92
"433",2012-07-17,0,0,102.02,69.98
"434",2012-07-18,0,0,100.04,69.08
"435",2012-07-19,0,0,93.92,60.08
"436",2012-07-20,0,0,96.08,66.02
"437",2012-07-21,0,0,98.06,64.94
"438",2012-07-22,0,0,96.98,66.02
"439",2012-07-23,0,0,96.08,62.96
"440",2012-07-24,0,0,100.04,60.98
"441",2012-07-25,0.118110236,0,102.92,62.96
"442",2012-07-26,0,0,102.02,71.96
"443",2012-07-27,0,0,100.94,62.96
"444",2012-07-28,0,0,98.96,66.92
"445",2012-07-29,0,0,98.06,66.92
"446",2012-07-30,0,0,98.06,71.96
"447",2012-07-31,0.905511811,0,82.94,66.02
"448",2012-08-01,0,0,82.94,64.04
"449",2012-08-02,0,0,87.98,62.96
"450",2012-08-03,0,0,91.94,62.06
"451",2012-08-04,0,0,91.94,62.96
"452",2012-08-05,0,0,89.96,64.04
"453",2012-08-06,0.393700787,0,89.06,62.96
"454",2012-08-07,2.283464567,0,87.98,62.06
"455",2012-08-08,0.708661417,0,89.06,60.08
"456",2012-08-09,0,0,89.96,59
"457",2012-08-10,0,0,87.98,60.08
"458",2012-08-12,0,0,93.02,59
"459",2012-08-13,0,0,96.08,60.08
"460",2012-08-14,0,0,98.96,68
"461",2012-08-15,0.590551181,0,87.08,60.98
"462",2012-08-16,0,0,91.04,64.94
"463",2012-08-17,0,0,93.02,64.04
"464",2012-08-18,0,0,93.02,62.96
"465",2012-08-19,0,0,98.06,59
"466",2012-08-20,0,0,96.98,62.06
"467",2012-08-21,0.905511811,0,96.98,62.96
"468",2012-08-22,2.795275591,0,82.04,59
"469",2012-08-23,0.196850394,0,84.02,60.98
"470",2012-08-24,0,0,89.06,57.92
"471",2012-08-25,13.8976378,0,87.98,51.98
"472",2012-08-26,0,0,78.98,51.98
"473",2012-08-27,3.582677165,0,87.08,57.02
"474",2012-08-28,0,0,84.92,60.08
"475",2012-08-29,0.118110236,0,78.98,60.08
"476",2012-09-01,0,0,91.04,62.06
"477",2012-09-02,0,0,89.06,62.06
"478",2012-09-03,0,0,82.04,51.98
"479",2012-09-04,0,0,93.02,53.96
"480",2012-09-05,0,0,93.92,64.04
"481",2012-09-06,0,0,91.94,55.94
"482",2012-09-07,0.590551181,0,82.94,55.04
"483",2012-09-08,0,0,86,55.94
"484",2012-09-09,0,0,91.04,57.92
"485",2012-09-10,1.692913386,0,89.96,62.06
"486",2012-09-11,10.78740157,0,69.98,55.94
"487",2012-09-12,0.118110236,0,78.08,48.92
"488",2012-09-13,0,0,80.06,48.92
"489",2012-09-14,0,0,80.06,46.94
"490",2012-09-15,0,0,87.08,48.02
"491",2012-09-16,0,0,87.98,53.96
"492",2012-09-17,0,0,89.96,53.96
"493",2012-09-18,0,0,91.04,55.94
"494",2012-09-19,0,0,93.92,57.92
"495",2012-09-20,0,0,93.92,57.92
"496",2012-09-21,0.118110236,0,91.94,62.06
"497",2012-09-22,0,0,87.98,55.94
"498",2012-09-23,0,0,89.06,60.98
"499",2012-09-24,0.708661417,0,75.02,55.94
"500",2012-09-25,0,0,82.04,55.04
"501",2012-09-26,0,0,89.06,53.06
"502",2012-09-27,0,0,89.96,57.02
"503",2012-09-28,0,0,89.96,57.92
"504",2012-09-29,8.818897638,0,84.92,55.04
"505",2012-09-30,3.188976378,0,71.06,51.98
"506",2012-10-01,0.787401575,0,69.98,48.02
"507",2012-10-02,0.511811024,0,64.04,51.08
"508",2012-10-03,0.31496063,0,64.94,44.96
"509",2012-10-04,0,0,64.94,37.04
"510",2012-10-05,0,0,69.98,39.92
"511",2012-10-06,0,0,71.96,41
"512",2012-10-07,0,0,77,44.06
"513",2012-10-08,0,0,78.98,46.04
"514",2012-10-09,0,0,78.98,48.92
"515",2012-10-10,0,0,77,46.94
"516",2012-10-11,0,0,77,46.94
"517",2012-10-12,0,0,77,46.04
"518",2012-10-13,0,0,75.92,44.06
"519",2012-10-14,0.196850394,0,69.98,46.04
"520",2012-10-15,0,0,64.94,35.96
"521",2012-10-16,0,0,77,35.96
"522",2012-10-17,0,0,80.06,48.92
"523",2012-10-18,0,0,80.06,46.94
"524",2012-10-19,0,0,73.94,42.08
"525",2012-10-20,0,0,75.92,44.06
"526",2012-10-21,0,0,75.02,42.08
"527",2012-10-22,0,0,78.08,44.96
"528",2012-10-23,0,0,78.08,55.04
"529",2012-10-24,0,0,66.92,37.94
"530",2012-10-25,0,0,77,41
"531",2012-10-26,0,0,80.06,46.04
"532",2012-10-27,0,0,82.04,44.96
"533",2012-10-28,0,0,75.02,55.94
"534",2012-10-29,0,0,62.96,39.92
"535",2012-10-30,0,0,60.98,32
"536",2012-10-31,0,0,69.98,33.98
"537",2012-11-01,0,0,71.96,37.94
"538",2012-11-02,0,0,78.08,42.08
"539",2012-11-03,0,0,73.94,51.08
"540",2012-11-04,0.708661417,0,53.96,39.92
"541",2012-11-05,0,0,48.92,35.96
"542",2012-11-06,0,0,53.06,26.96
"543",2012-11-07,0,0,59,35.06
"544",2012-11-08,0,0,69.08,33.08
"545",2012-11-09,0,0,66.92,35.96
"546",2012-11-10,0,0,62.96,33.98
"547",2012-11-11,0,0,69.08,33.98
"548",2012-11-12,0,0,64.94,42.98
"549",2012-11-13,0,0,50,26.06
"550",2012-11-14,0,0,42.98,28.94
"551",2012-11-15,0.984251969,0.393700787,33.98,28.04
"552",2012-11-16,0.31496063,0,44.06,30.02
"553",2012-11-17,0,0,46.04,30.92
"554",2012-11-18,0.118110236,0,30.92,17.06
"555",2012-11-19,0,0,35.96,14
"556",2012-11-20,0,0,44.96,17.06
"557",2012-11-21,0,0,46.94,21.92
"558",2012-11-22,0,0,51.98,24.98
"559",2012-11-23,0,0,57.02,26.06
"560",2012-11-24,2.401574803,0,51.08,30.92
"561",2012-11-25,2.283464567,0,42.98,30.92
"562",2012-11-26,0.511811024,0,42.98,30.92
"563",2012-11-27,0,0,44.06,24.08
"564",2012-11-28,0,0,60.98,30.92
"565",2012-11-29,0,0,55.04,30.92
"566",2012-11-30,0,0,68,35.96
"567",2012-12-01,0,0,62.96,42.08
"568",2012-12-02,0,0,57.92,42.08
"569",2012-12-03,0,0,55.94,35.06
"570",2012-12-04,0,0,53.06,30.92
"571",2012-12-05,0.196850394,0,53.06,41
"572",2012-12-06,0.511811024,0,60.08,42.98
"573",2012-12-07,0,0,55.94,39.02
"574",2012-12-08,0,0,57.02,39.92
"575",2012-12-09,0,0,57.02,32
"576",2012-12-10,0,0,59,33.98
"577",2012-12-11,0,0,55.94,30.02
"578",2012-12-12,0,0,55.94,30.02
"579",2012-12-13,0,0,55.94,33.08
"580",2012-12-14,0,0,66.02,37.94
"581",2012-12-15,2.716535433,0,59,37.04
"582",2012-12-16,0.984251969,0.196850394,37.94,32
"583",2012-12-17,0,0,41,24.08
"584",2012-12-18,0,0,48.02,30.02
"585",2012-12-19,0,0,46.94,33.08
"586",2012-12-20,0.196850394,0,46.04,33.98
"587",2012-12-21,0,0,46.94,28.94
"588",2012-12-22,1.102362205,0,44.06,35.96
"589",2012-12-23,11.1023622,0,42.98,37.04
"590",2012-12-24,7.716535433,0,44.96,33.08
"591",2012-12-25,0,0,42.08,24.98
"592",2012-12-26,0,0,39.92,23
"593",2012-12-27,5.511811024,4.015748031,41,28.04
"594",2012-12-28,1.299212598,0.511811024,30.02,24.08
"595",2012-12-29,0,0,28.04,12.92
"596",2012-12-30,0.196850394,0.511811024,33.98,19.94
"597",2012-12-31,4.212598425,4.488188976,28.94,24.08
"598",2013-01-01,0,0,26.96,12.02
"599",2013-01-02,0,0,19.94,3.02
"600",2013-01-03,0,0,24.08,6.08
"601",2013-01-04,0,0,24.08,6.98
"602",2013-01-05,0,0,33.08,12.92
"603",2013-01-06,0,0,33.08,15.08
"604",2013-01-07,0,0,41,26.96
"605",2013-01-08,0,0,46.04,28.04
"606",2013-01-09,0,0,46.94,26.06
"607",2013-01-10,0,0,46.04,24.98
"608",2013-01-11,0,0,46.04,24.08
"609",2013-01-12,0,0,42.98,26.96
"610",2013-01-13,1.614173228,0,46.04,35.06
"611",2013-01-14,4.606299213,0,42.98,35.06
"612",2013-01-15,0.787401575,0,39.92,32
"613",2013-01-16,0.118110236,0,35.06,32
"614",2013-01-17,0,0,41,24.08
"615",2013-01-18,0,0,42.08,24.98
"616",2013-01-19,0,0,48.92,26.06
"617",2013-01-20,0,0,60.98,30.02
"618",2013-01-21,0,0,55.04,30.92
"619",2013-01-22,0,0,48.02,30.02
"620",2013-01-23,0,0,39.92,21.92
"621",2013-01-24,0,0,39.92,17.96
"622",2013-01-25,0,0,41,21.92
"623",2013-01-26,0,0,42.08,21.92
"624",2013-01-27,0,0,51.98,30.92
"625",2013-01-28,0,0,53.96,28.04
"626",2013-01-29,0,0,57.92,28.04
"627",2013-01-30,0,0,55.94,44.06
"628",2013-01-31,0,0,50,30.92
"629",2013-02-01,0,0,46.04,37.04
"630",2013-02-02,0,0,46.04,37.94
"631",2013-02-03,0,0,51.08,24.98
"632",2013-02-04,0,0,57.92,39.02
"633",2013-02-05,0,0,60.08,39.92
"634",2013-02-06,0,0,60.08,44.06
"635",2013-02-07,0,0,69.98,33.98
"636",2013-02-08,0,0,71.06,37.94
"637",2013-02-09,0,0,69.98,51.08
"638",2013-02-10,0,0,64.94,39.02
"639",2013-02-11,0.118110236,0,62.96,41
"640",2013-02-12,0,0,57.02,37.04
"641",2013-02-13,0,0,55.94,30.92
"642",2013-02-14,0,0,60.98,33.98
"643",2013-02-15,0,0,62.06,30.92
"644",2013-02-16,0,0,64.04,33.08
"645",2013-02-17,0,0,60.98,35.06
"646",2013-02-18,0,0,48.92,35.06
"647",2013-02-19,0,0,51.08,24.08
"648",2013-02-20,0,0,60.08,26.06
"649",2013-02-21,0,0,64.04,30.02
"650",2013-02-22,0,0,62.06,35.06
"651",2013-02-23,0,0,46.94,33.08
"652",2013-02-24,0.118110236,0,42.98,26.96
"653",2013-02-25,0,0,46.04,24.98
"654",2013-02-26,0,0,48.92,23
"655",2013-02-27,0,0,53.96,33.08
"656",2013-02-28,0.196850394,0,50,30.92
"657",2013-03-01,0,0,50,28.94
"658",2013-03-02,0.196850394,0,44.06,28.04
"659",2013-03-03,0.511811024,0,48.02,33.98
"660",2013-03-04,1.417322835,0,44.06,35.06
"661",2013-03-05,2.992125984,0,39.02,28.94
"662",2013-03-06,0.196850394,0,42.98,24.08
"663",2013-03-07,0,0,48.92,21.92
"664",2013-03-08,0,0,55.94,26.06
"665",2013-03-09,0,0,60.98,28.94
"666",2013-03-10,0,0,62.96,30.92
"667",2013-03-11,0,0,62.06,30.92
"668",2013-03-12,0,0,64.94,30.92
"669",2013-03-13,0,0,66.02,37.94
"670",2013-03-14,0,0,64.94,48.92
"671",2013-03-15,0,0,68,37.04
"672",2013-03-16,0,0,69.98,37.94
"673",2013-03-17,0,0,73.94,42.08
"674",2013-03-18,0,0,75.92,46.04
"675",2013-03-19,0,0,77,46.94
"676",2013-03-20,0,0,77,48.92
"677",2013-03-21,0,0,64.94,37.04
"678",2013-03-22,0,0,69.98,35.96
"679",2013-03-23,0,0,75.02,37.94
"680",2013-03-24,0,0,73.04,39.92
"681",2013-03-25,0.31496063,0,66.92,46.04
"682",2013-03-26,0.393700787,0,60.08,33.98
"683",2013-03-27,0,0,57.02,37.04
"684",2013-03-28,0,0,60.98,32
"685",2013-03-29,0,0,73.04,37.04
"686",2013-03-30,0,0,78.08,42.98
"687",2013-03-31,0,0,75.02,41
"688",2013-04-01,0,0,77,39.02
"689",2013-04-02,0,0,77,44.06
"690",2013-04-03,0,0,75.02,42.08
"691",2013-04-04,0.196850394,0,50,33.98
"692",2013-04-05,0,0,55.04,26.96
"693",2013-04-06,0,0,69.08,30.02
"694",2013-04-07,0,0,73.04,46.94
"695",2013-04-08,0,0,71.96,53.96
"696",2013-04-09,0,0,66.92,39.92
"697",2013-04-10,0.393700787,0,66.92,35.96
"698",2013-04-11,1.102362205,0,60.98,35.96
"699",2013-04-12,0,0,69.08,39.92
"700",2013-04-13,0,0,73.04,39.92
"701",2013-04-14,0,0,73.04,44.06
"702",2013-04-15,0,0,73.94,37.04
"703",2013-04-16,0,0,77,44.06
"704",2013-04-17,3.11023622,0,51.08,28.94
"705",2013-04-18,0,0,55.94,30.02
"706",2013-04-19,0,0,60.08,33.98
"707",2013-04-20,0,0,69.98,39.92
"708",2013-04-21,0,0,71.06,42.08
"709",2013-04-22,0,0,73.04,42.08
"710",2013-04-23,0,0,78.08,42.08
"711",2013-04-24,0,0,77,44.96
"712",2013-04-25,0,0,73.94,46.04
"713",2013-04-26,0,0,71.06,46.04
"714",2013-04-27,3.385826772,0,60.98,42.08
"715",2013-04-28,7.007874016,0,51.98,37.04
"716",2013-04-29,0,0,64.94,37.94
"717",2013-04-30,0,0,73.94,42.08
"718",2013-05-01,0,0,82.04,46.04
"719",2013-05-02,0,0,82.04,55.04
"720",2013-05-03,0,0,80.06,50
"721",2013-05-04,0,0,84.02,55.04
"722",2013-05-05,0,0,82.04,51.98
"723",2013-05-06,0.118110236,0,80.06,53.96
"724",2013-05-07,0.118110236,0,73.94,53.96
"725",2013-05-08,4.291338583,0,68,50
"726",2013-05-09,1.417322835,0,71.96,46.04
"727",2013-05-10,0.31496063,0,66.92,46.94
"728",2013-05-11,5.511811024,0,53.96,42.98
"729",2013-05-12,1.102362205,0,62.96,42.08
"730",2013-05-13,0,0,75.92,37.94
"731",2013-05-14,0,0,78.98,53.06
"732",2013-05-15,0,0,75.92,57.92
"733",2013-05-16,0.511811024,0,77,53.06
"734",2013-05-17,5.118110236,0,60.08,44.96
"735",2013-05-18,1.181102362,0,57.92,42.08
"736",2013-05-19,4.409448819,0,69.08,46.94
"737",2013-05-20,0,0,73.04,51.08
"738",2013-05-21,2.598425197,0,66.92,46.94
"739",2013-05-22,0.511811024,0,71.96,48.92
"740",2013-05-23,0.590551181,0,69.98,44.96
"741",2013-05-24,1.299212598,0,66.02,46.04
"742",2013-05-25,1.614173228,0,64.04,44.96
"743",2013-05-26,0.118110236,0,68,46.94
"744",2013-05-27,0.511811024,0,69.08,51.08
"745",2013-05-28,2.519685039,0,71.06,53.06
"746",2013-05-29,0.511811024,0,71.06,44.06
"747",2013-05-30,0.590551181,0,75.02,48.02
"748",2013-05-31,0,0,78.08,46.94
"749",2013-06-01,0,0,84.92,53.06
"750",2013-06-02,0,0,91.04,59
"751",2013-06-03,0,0,91.94,59
"752",2013-06-04,0,0,87.08,57.02
"753",2013-06-05,0,0,87.08,55.04
"754",2013-06-06,0,0,87.08,55.04
"755",2013-06-07,0.196850394,0,84.92,57.92
"756",2013-06-08,0.118110236,0,82.04,59
"757",2013-06-09,6.88976378,0,80.06,51.98
"758",2013-06-10,0,0,86,53.96
"759",2013-06-11,0,0,91.04,59
"760",2013-06-12,0,0,91.04,68
"761",2013-06-13,1.417322835,0,82.04,59
"762",2013-06-14,0,0,87.08,57.02
"763",2013-06-15,0,0,89.06,57.92
"764",2013-06-16,0,0,91.04,62.06
"765",2013-06-17,0,0,93.92,60.08
"766",2013-06-18,0,0,96.98,64.04
"767",2013-06-19,0,0,96.08,62.06
"768",2013-06-20,0,0,98.96,60.08
"769",2013-06-21,0,0,98.96,59
"770",2013-06-22,0,0,96.98,60.08
"771",2013-06-23,0,0,100.94,62.06
"772",2013-06-24,0,0,100.04,60.98
"773",2013-06-25,0,0,98.06,60.08
"774",2013-06-26,0,0,100.04,64.04
"775",2013-06-27,0,0,100.04,62.06
"776",2013-06-28,0,0,98.06,62.96
"777",2013-06-29,0,0,102.02,66.02
"778",2013-06-30,0,0,102.02,64.94
"779",2013-07-01,0,0,102.92,68
"780",2013-07-02,0,0,100.94,71.96
"781",2013-07-03,0,0,100.04,69.98
"782",2013-07-04,0,0,98.06,68
"783",2013-07-05,0,0,98.96,66.02
"784",2013-07-06,0,0,98.96,69.08
"785",2013-07-07,0.511811024,0,95,68
"786",2013-07-08,0,0,91.04,64.94
"787",2013-07-09,0,0,84.92,62.06
"788",2013-07-10,1.88976378,0,82.04,60.98
"789",2013-07-11,4.291338583,0,82.94,55.94
"790",2013-07-12,1.102362205,0,80.96,57.92
"791",2013-07-13,0,0,87.08,57.92
"792",2013-07-14,0,0,91.04,57.02
"793",2013-07-15,0,0,93.92,57.92
"794",2013-07-16,0,0,93.92,60.08
"795",2013-07-17,0,0,93.92,64.94
"796",2013-07-18,0,0,95,60.98
"797",2013-07-19,0,0,95,62.96
"798",2013-07-20,0,0,91.04,62.96
"799",2013-07-21,0.196850394,0,86,62.06
"800",2013-07-22,0,0,86,60.98
"801",2013-07-23,0,0,87.08,57.92
"802",2013-07-24,0.511811024,0,87.98,60.98
"803",2013-07-25,0,0,91.94,62.96
"804",2013-07-26,0,0,91.94,60.08
"805",2013-07-27,0,0,93.02,59
"806",2013-07-28,0,0,98.06,59
"807",2013-07-29,0,0,98.06,62.96
"808",2013-07-30,0,0,80.96,55.04
"809",2013-07-31,0,0,89.06,51.08
"810",2013-08-01,0,0,93.92,55.94
"811",2013-08-02,0,0,95,55.94
"812",2013-08-03,0,0,96.08,57.92
"813",2013-08-04,0,0,93.92,60.08
"814",2013-08-05,14.68503937,0,77,59
"815",2013-08-06,0,0,89.96,55.94
"816",2013-08-07,0,0,91.04,64.04
"817",2013-08-08,0,0,91.94,57.02
"818",2013-08-09,0.511811024,0,91.04,64.04
"819",2013-08-10,1.496062992,0,86,55.94
"820",2013-08-11,0,0,87.98,59
"821",2013-08-12,0,0,95,62.06
"822",2013-08-13,0,0,96.08,64.04
"823",2013-08-14,0,0,89.06,68
"824",2013-08-15,0,0,95,62.96
"825",2013-08-16,0,0,98.06,68
"826",2013-08-17,0,0,98.06,71.96
"827",2013-08-18,0,0,96.08,66.92
"828",2013-08-19,0,0,91.94,62.96
"829",2013-08-20,0,0,91.04,57.02
"830",2013-08-21,0,0,87.98,55.04
"831",2013-08-22,0,0,89.06,55.94
"832",2013-08-23,0,0,96.98,57.92
"833",2013-08-24,0,0,96.08,60.98
"834",2013-08-25,0,0,93.92,57.92
"835",2013-08-26,0,0,98.06,64.94
"836",2013-08-27,0,0,98.96,62.96
"837",2013-08-28,0.708661417,0,93.02,66.92
"838",2013-08-29,0,0,87.08,60.98
"839",2013-08-30,0,0,93.92,59
"840",2013-08-31,0,0,96.98,62.06
"841",2013-09-01,0,0,96.08,73.94
"842",2013-09-02,0,0,91.04,60.08
"843",2013-09-03,0,0,91.94,62.96
"844",2013-09-04,0,0,91.94,60.98
"845",2013-09-05,0,0,91.94,64.94
"846",2013-09-06,0,0,89.06,62.96
"847",2013-09-07,0,0,86,64.94
"848",2013-09-08,0,0,80.06,48.02
"849",2013-09-09,0,0,82.04,51.98
"850",2013-09-10,0,0,84.92,48.92
"851",2013-09-11,0,0,87.98,48.02
"852",2013-09-12,0,0,89.96,50
"853",2013-09-13,0,0,91.04,51.98
"854",2013-09-14,0,0,91.94,51.98
"855",2013-09-15,0,0,91.94,53.96
"856",2013-09-16,8.307086614,0,89.06,60.08
"857",2013-09-17,2.519685039,0,75.92,57.92
"858",2013-09-18,2.086614173,0,69.98,55.94
"859",2013-09-19,0.905511811,0,75.92,51.08
"860",2013-09-20,0,0,71.06,48.02
"861",2013-09-21,0,0,77,44.06
"862",2013-09-22,0,0,82.94,44.96
"863",2013-09-23,0,0,89.06,48.92
"864",2013-09-24,0,0,89.96,51.98
"865",2013-09-25,0,0,89.96,53.06
"866",2013-09-26,0,0,89.96,53.96
"867",2013-09-27,0,0,91.94,55.04
"868",2013-09-28,0,0,93.02,57.02
"869",2013-09-29,0,0,89.96,57.92
"870",2013-09-30,0,0,87.08,59
"871",2013-10-01,0,0,84.92,57.02
"872",2013-10-02,0,0,84.92,64.04
"873",2013-10-04,2.598425197,0,87.98,55.94
"874",2013-10-05,0.196850394,0,66.92,53.96
"875",2013-10-06,0.511811024,0,75.02,48.92
"876",2013-10-07,0,0,75.92,53.96
"877",2013-10-08,0,0,75.02,55.04
"878",2013-10-09,0,0,73.94,48.02
"879",2013-10-10,0,0,75.92,50
"880",2013-10-11,0,0,75.92,48.92
"881",2013-10-12,0,0,84.92,48.02
"882",2013-10-13,0,0,82.94,60.98
"883",2013-10-14,0,0,80.06,44.06
"884",2013-10-15,0,0,84.92,44.96
"885",2013-10-16,0,0,82.04,46.94
"886",2013-10-17,0,0,82.04,46.04
"887",2013-10-18,0,0,80.96,48.92
"888",2013-10-19,0.511811024,0,75.02,53.96
"889",2013-10-20,1.692913386,0,75.02,53.06
"890",2013-10-21,4.68503937,0,68,51.08
"891",2013-10-22,0.118110236,0,66.92,46.94
"892",2013-10-23,0,0,68,48.92
"893",2013-10-24,0,0,66.92,44.96
"894",2013-10-25,0,0,64.04,42.08
"895",2013-10-26,0,0,69.08,42.08
"896",2013-10-27,0,0,69.08,42.08
"897",2013-10-28,0,0,71.06,44.96
"898",2013-10-29,0,0,71.06,41
"899",2013-10-30,0,0,57.02,35.96
"900",2013-10-31,0,0,53.96,44.06
"901",2013-11-01,0,0,55.04,37.94
"902",2013-11-02,0,0,66.02,42.08
"903",2013-11-03,0,0,73.94,42.98
"904",2013-11-04,0,0,77,46.94
"905",2013-11-05,0,0,73.04,48.92
"906",2013-11-06,0,0,55.04,37.04
"907",2013-11-07,0,0,44.06,35.96
"908",2013-11-08,0,0,44.96,33.08
"909",2013-11-09,0,0,50,26.06
"910",2013-11-10,0,0,60.98,28.04
"911",2013-11-11,0,0,66.02,35.96
"912",2013-11-12,2.401574803,0,59,33.08
"913",2013-11-13,0,0,44.96,35.06
"914",2013-11-14,0,0,48.02,24.98
"915",2013-11-15,0,0,51.08,24.98
"916",2013-11-16,0,0,59,26.96
"917",2013-11-17,0,0,60.98,28.94
"918",2013-11-18,6.614173228,0.196850394,55.94,33.08
"919",2013-11-19,0.118110236,0,35.96,26.06
"920",2013-11-20,0,0,50,30.92
"921",2013-11-21,0,0,53.96,28.94
"922",2013-11-22,0.590551181,0,51.08,39.92
"923",2013-11-23,0,0,44.96,21.92
"924",2013-11-24,0,0,46.94,19.94
"925",2013-11-25,0,0,53.06,23
"926",2013-11-26,0,0,55.94,30.02
"927",2013-11-27,0.393700787,0,57.02,33.98
"928",2013-11-28,0,0,39.92,24.08
"929",2013-11-29,0,0,35.96,21.02
"930",2013-11-30,0.708661417,0.511811024,32,21.92
"931",2013-12-01,0.787401575,1.417322835,30.92,23
"932",2013-12-02,0.196850394,0.31496063,35.96,19.94
"933",2013-12-03,0,0,37.04,15.08
"934",2013-12-04,0,0,41,15.08
"935",2013-12-05,0,0,44.96,19.94
"936",2013-12-06,0,0,50,32
"937",2013-12-07,0,0,46.94,24.98
"938",2013-12-08,0,0,55.04,26.06
"939",2013-12-09,0,0,51.98,28.04
"940",2013-12-10,0.118110236,0,55.94,33.98
"941",2013-12-11,0,0,53.06,33.98
"942",2013-12-12,0,0,59,35.06
"943",2013-12-13,0.511811024,0,57.02,32
"944",2013-12-14,0,0,42.98,26.96
"945",2013-12-15,0,0,42.08,23
"946",2013-12-16,4.68503937,2.913385827,41,28.94
"947",2013-12-17,0.511811024,0.590551181,32,26.96
"948",2013-12-18,0,0,33.98,26.06
"949",2013-12-19,0.590551181,0.196850394,33.98,17.96
"950",2013-12-20,0,0,48.02,26.96
"951",2013-12-21,0,0,53.96,28.94
"952",2013-12-22,0.905511811,0,46.04,33.98
"953",2013-12-23,3.11023622,0,42.98,33.98
"954",2013-12-24,7.204724409,0,42.08,33.08
"955",2013-12-25,1.614173228,1.417322835,35.06,26.96
"956",2013-12-26,0,0,37.94,19.04
"957",2013-12-27,3.307086614,5.196850394,32,24.98
"958",2013-12-28,0,0,24.98,10.94
"959",2013-12-29,0,0,21.92,3.02
"960",2013-12-30,0,0,24.98,8.96
"961",2013-12-31,0.118110236,0.31496063,23,14
"962",2014-01-01,0.196850394,0.31496063,30.92,17.96
"963",2014-01-02,0.196850394,0.196850394,24.98,15.08
"964",2014-01-03,0,0,21.92,1.94
"965",2014-01-04,0,0,33.08,8.06
"966",2014-01-05,0,0,35.96,17.06
"967",2014-01-06,0,0,41,23
"968",2014-01-07,0,0,44.96,33.98
"969",2014-01-08,0.118110236,0,41,33.98
"970",2014-01-09,1.181102362,0,42.08,33.08
"971",2014-01-10,0.787401575,0,35.06,30.92
"972",2014-01-11,0.118110236,0,37.94,28.04
"973",2014-01-12,0.118110236,0,35.06,19.04
"974",2014-01-13,0,0,35.06,21.92
"975",2014-01-14,0,0,33.08,14
"976",2014-01-15,0,0,42.08,14
"977",2014-01-16,0,0,41,28.04
"978",2014-01-17,1.181102362,2.007874016,37.04,28.94
"979",2014-01-18,0,0,39.92,23
"980",2014-01-19,1.102362205,0,44.06,28.94
"981",2014-01-20,1.496062992,0,42.98,28.94
"982",2014-01-21,0.787401575,0,41,28.94
"983",2014-01-22,1.417322835,0,41,33.98
"984",2014-01-23,0,0,41,19.94
"985",2014-01-24,0,0,48.92,24.08
"986",2014-01-25,0,0,44.96,26.96
"987",2014-01-26,5.196850394,1.496062992,42.98,32
"988",2014-01-27,0.393700787,0,35.96,28.04
"989",2014-01-28,0,0,37.04,17.96
"990",2014-01-29,0,0,35.06,15.98
"991",2014-01-30,0,0,37.04,17.96
"992",2014-01-31,0.393700787,0,42.08,28.94
"993",2014-02-01,4.881889764,4.015748031,48.92,30.92
"994",2014-02-02,0,0.196850394,32,17.96
"995",2014-02-03,2.913385827,2.992125984,28.94,23
"996",2014-02-04,0,0,28.94,17.06
"997",2014-02-05,0,0,30.02,14
"998",2014-02-06,0.31496063,0.31496063,28.04,12.02
"999",2014-02-07,0.984251969,2.519685039,37.04,21.92
"1000",2014-02-08,0,0,35.06,12.92
"1001",2014-02-09,0,0,37.04,15.98
"1002",2014-02-10,0,0,39.02,17.06
"1003",2014-02-11,0,0,41,17.06
"1004",2014-02-12,0,0,37.94,15.98
"1005",2014-02-13,0,0,35.06,17.96
"1006",2014-02-14,0,0,35.96,17.06
"1007",2014-02-15,0,0,37.94,19.94
"1008",2014-02-16,0.31496063,0.118110236,35.06,21.02
"1009",2014-02-17,0.31496063,0,51.98,33.08
"1010",2014-02-18,0,0,57.92,30.02
"1011",2014-02-19,0,0,60.08,30.02
"1012",2014-02-20,1.88976378,0,55.94,33.98
"1013",2014-02-21,0,0,57.92,26.96
"1014",2014-02-22,0,0,57.02,37.94
"1015",2014-02-23,0,0,53.96,28.94
"1016",2014-02-24,0.511811024,0,53.06,32
"1017",2014-02-25,0,0,46.04,24.98
"1018",2014-02-26,0,0,51.98,24.98
"1019",2014-02-27,0,0,57.02,26.06
"1020",2014-02-28,0,0,62.06,28.94
"1021",2014-03-01,0,0,66.92,35.06
"1022",2014-03-02,0,0,59,30.92
"1023",2014-03-03,0,0,57.02,35.06
"1024",2014-03-04,0,0,62.06,30.92
"1025",2014-03-05,0,0,62.06,39.92
"1026",2014-03-06,0,0,69.98,35.06
"1027",2014-03-07,0,0,66.92,46.04
"1028",2014-03-08,0,0,69.08,48.92
"1029",2014-03-09,0.118110236,0,64.94,48.92
"1030",2014-03-10,2.283464567,0,59,35.96
"1031",2014-03-11,0,0,55.04,28.94
"1032",2014-03-12,0,0,55.94,41
"1033",2014-03-13,0,0,69.08,35.06
"1034",2014-03-14,0,0,69.08,42.08
"1035",2014-03-15,0,0,66.02,41
"1036",2014-03-16,0,0,64.04,41
"1037",2014-03-17,0.31496063,0,62.06,44.06
"1038",2014-03-18,0,0,50,32
"1039",2014-03-19,0,0,53.06,30.92
"1040",2014-03-20,0,0,59,32
"1041",2014-03-21,0,0,57.02,30.92
"1042",2014-03-22,0,0,60.98,30.02
"1043",2014-03-23,0,0,73.04,35.06
"1044",2014-03-24,0,0,73.04,48.02
"1045",2014-03-25,0.984251969,0,66.92,37.94
"1046",2014-03-26,0.511811024,0,50,33.08
"1047",2014-03-27,0,0,57.92,33.08
"1048",2014-03-28,0,0,57.92,39.02
"1049",2014-03-29,0,0,51.98,33.08
"1050",2014-03-30,0,0,64.04,35.06
"1051",2014-03-31,1.299212598,0,62.06,41
"1052",2014-04-01,7.401574803,0,53.06,33.98
"1053",2014-04-02,0.196850394,0,48.02,37.04
"1054",2014-04-03,0.511811024,0,50,37.94
"1055",2014-04-04,0,0,57.92,32
"1056",2014-04-05,0,0,64.94,35.06
"1057",2014-04-06,0,0,71.96,37.94
"1058",2014-04-07,0,0,75.02,42.98
"1059",2014-04-08,0,0,71.06,42.08
"1060",2014-04-09,0,0,64.94,33.98
"1061",2014-04-10,0,0,73.94,39.02
"1062",2014-04-11,0,0,78.98,48.02
"1063",2014-04-12,0,0,73.94,50
"1064",2014-04-13,0.984251969,0,66.92,48.92
"1065",2014-04-14,0,0,71.06,44.06
"1066",2014-04-15,0,0,73.94,44.96
"1067",2014-04-16,0,0,73.04,51.08
"1068",2014-04-17,1.102362205,0,69.08,42.98
"1069",2014-04-18,0.708661417,0,53.96,35.96
"1070",2014-04-19,0,0,57.92,35.06
"1071",2014-04-20,0,0,60.08,39.02
"1072",2014-04-21,0,0,62.96,39.92
"1073",2014-04-22,0,0,68,42.08
"1074",2014-04-23,0,0,77,42.08
"1075",2014-04-24,0,0,82.94,46.94
"1076",2014-04-25,0,0,82.94,51.98
"1077",2014-04-26,0,0,82.04,46.94
"1078",2014-04-27,2.086614173,0,64.94,42.98
"1079",2014-04-28,0.984251969,0,64.04,42.98
"1080",2014-04-29,2.007874016,0,55.94,39.92
"1081",2014-04-30,1.102362205,0,60.08,39.92
"1082",2014-05-01,3.503937008,0,60.08,42.98
"1083",2014-05-02,0.787401575,0,59,42.08
"1084",2014-05-03,0.196850394,0,60.98,39.92
"1085",2014-05-04,0,0,64.04,39.92
"1086",2014-05-05,0,0,69.98,42.08
"1087",2014-05-06,0,0,75.02,42.08
"1088",2014-05-07,0,0,80.96,46.04
"1089",2014-05-08,0,0,82.94,55.04
"1090",2014-05-09,0.196850394,0,80.06,59
"1091",2014-05-10,0.31496063,0,62.06,44.96
"1092",2014-05-11,4.606299213,0,62.06,48.02
"1093",2014-05-12,6.417322835,0,69.98,48.92
"1094",2014-05-13,0,0,68,39.02
"1095",2014-05-14,0,0,64.04,37.94
"1096",2014-05-15,0,0,77,39.92
"1097",2014-05-16,0,0,84.92,46.04
"1098",2014-05-17,0,0,87.08,51.98
"1099",2014-05-18,1.811023622,0,87.08,55.04
"1100",2014-05-19,0.511811024,0,64.94,50
"1101",2014-05-20,0.708661417,0,69.08,48.92
"1102",2014-05-21,0.118110236,0,75.02,46.04
"1103",2014-05-22,0,0,80.96,48.92
"1104",2014-05-23,0,0,80.96,53.06
"1105",2014-05-24,0.787401575,0,73.94,48.02
"1106",2014-05-25,0.118110236,0,71.06,42.98
"1107",2014-05-26,0,0,71.06,44.96
"1108",2014-05-27,0,0,73.04,51.08
"1109",2014-05-28,0,0,71.06,44.96
"1110",2014-05-29,0,0,69.98,46.04
"1111",2014-05-30,0,0,69.98,44.96
"1112",2014-05-31,0,0,75.92,48.92
"1113",2014-06-01,0,0,82.94,51.08
"1114",2014-06-02,0.118110236,0,82.94,51.08
"1115",2014-06-03,0,0,78.98,48.92
"1116",2014-06-04,0,0,82.04,48.02
"1117",2014-06-05,0,0,91.04,51.98
"1118",2014-06-06,0,0,91.04,55.04
"1119",2014-06-07,0,0,91.04,55.04
"1120",2014-06-08,0,0,95,57.92
"1121",2014-06-09,0,0,98.06,64.04
"1122",2014-06-10,0,0,93.92,64.94
"1123",2014-06-12,0,0,98.06,69.08
"1124",2014-06-13,0,0,98.96,62.96
"1125",2014-06-14,0.511811024,0,96.98,66.92
"1126",2014-06-15,0.196850394,0,80.96,53.96
"1127",2014-06-16,0,0,82.04,59
"1128",2014-06-17,0.118110236,0,87.08,51.98
"1129",2014-06-18,0,0,91.94,57.92
"1130",2014-06-19,0,0,91.94,59
"1131",2014-06-20,0,0,91.04,55.04
"1132",2014-06-21,0,0,96.08,57.02
"1133",2014-06-22,0,0,96.08,59
"1134",2014-06-23,0,0,102.02,59
"1135",2014-06-24,0,0,102.92,62.96
"1136",2014-06-25,0,0,98.06,64.94
"1137",2014-06-26,0,0,100.04,66.92
"1138",2014-06-27,0,0,98.06,62.06
"1139",2014-06-28,0,0,91.94,57.02
"1140",2014-06-29,0,0,93.02,51.98
"1141",2014-06-30,0,0,100.94,60.08
"1142",2014-07-01,0,0,102.02,64.04
"1143",2014-07-02,0,0,96.08,64.94
"1144",2014-07-03,0.590551181,0,96.98,64.04
"1145",2014-07-04,0,0,89.96,62.96
"1146",2014-07-05,0,0,89.96,62.06
"1147",2014-07-06,0,0,93.92,62.06
"1148",2014-07-07,0,0,96.08,64.94
"1149",2014-07-08,0,0,98.06,69.08
"1150",2014-07-09,0,0,98.06,64.04
"1151",2014-07-10,0,0,93.02,60.08
"1152",2014-07-11,0,0,96.08,60.98
"1153",2014-07-12,0,0,98.06,62.96
"1154",2014-07-13,0,0,96.98,66.92
"1155",2014-07-14,0,0,82.94,53.96
"1156",2014-07-15,0,0,91.94,51.08
"1157",2014-07-16,0,0,91.94,55.94
"1158",2014-07-17,0,0,96.08,57.02
"1159",2014-07-18,0,0,100.04,62.06
"1160",2014-07-19,0,0,96.08,64.04
"1161",2014-07-20,0,0,98.96,60.08
"1162",2014-07-21,0,0,100.04,68
"1163",2014-07-22,0,0,98.06,66.02
"1164",2014-07-23,0,0,98.06,66.02
"1165",2014-07-24,0,0,100.04,69.08
"1166",2014-07-25,0.196850394,0,102.02,69.08
"1167",2014-07-26,0.393700787,0,96.08,64.94
"1168",2014-07-27,0,0,96.98,60.98
"1169",2014-07-28,0,0,100.04,64.04
"1170",2014-07-29,0,0,102.02,68
"1171",2014-07-30,0,0,100.04,62.96
"1172",2014-07-31,0,0,102.02,62.06
"1173",2014-08-01,0,0,100.04,64.94
"1174",2014-08-02,0,0,98.96,66.92
"1175",2014-08-03,0,0,96.08,66.92
"1176",2014-08-04,0,0,96.08,66.02
"1177",2014-08-05,0,0,100.94,64.04
"1178",2014-08-06,0,0,100.94,64.04
"1179",2014-08-07,0,0,93.92,62.96
"1180",2014-08-08,0,0,91.04,64.04
"1181",2014-08-09,0,0,93.02,64.04
"1182",2014-08-10,0,0,95,66.92
"1183",2014-08-11,0,0,96.98,64.94
"1184",2014-08-12,0,0,96.08,66.92
"1185",2014-08-13,0,0,93.92,62.96
"1186",2014-08-14,0,0,89.06,60.08
"1187",2014-08-15,0,0,89.96,55.04
"1188",2014-08-16,0,0,91.94,55.94
"1189",2014-08-17,0,0,96.08,55.94
"1190",2014-08-18,0,0,96.08,66.02
"1191",2014-08-19,0,0,96.08,60.08
"1192",2014-08-20,0,0,93.92,64.94
"1193",2014-08-21,0,0,93.02,59
"1194",2014-08-22,0,0,91.04,60.08
"1195",2014-08-23,0,0,91.04,57.02
"1196",2014-08-24,0,0,93.92,57.02
"1197",2014-08-25,0,0,91.94,62.96
"1198",2014-08-26,0,0,89.96,62.06
"1199",2014-08-27,0,0,87.98,55.94
"1200",2014-08-28,0,0,86,53.96
"1201",2014-08-29,0,0,89.06,55.04
"1202",2014-08-30,0,0,87.98,55.94
"1203",2014-08-31,0,0,91.04,55.94
"1204",2014-09-01,0,0,93.92,57.02
"1205",2014-09-02,0,0,96.98,60.98
"1206",2014-09-03,0,0,96.98,62.06
"1207",2014-09-04,0,0,93.02,66.02
"1208",2014-09-05,0,0,89.96,60.98
"1209",2014-09-06,0,0,89.96,68
"1210",2014-09-07,0,0,89.06,64.04
"1211",2014-09-08,0,0,77,55.04
"1212",2014-09-09,0,0,84.02,51.08
"1213",2014-09-10,0,0,84.92,50
"1214",2014-09-11,0,0,84.02,51.98
"1215",2014-09-12,0,0,82.04,51.08
"1216",2014-09-13,0,0,84.02,44.96
"1217",2014-09-14,0,0,91.94,50
"1218",2014-09-15,0,0,87.98,62.96
"1219",2014-09-16,0,0,84.02,53.06
"1220",2014-09-17,5.196850394,0,73.04,53.06
"1221",2014-09-18,0,0,69.98,48.92
"1222",2014-09-19,0,0,73.94,44.96
"1223",2014-09-20,0,0,78.98,46.04
"1224",2014-09-21,0,0,87.08,48.02
"1225",2014-09-22,0,0,91.04,53.06
"1226",2014-09-23,0,0,91.04,53.06
"1227",2014-09-24,0,0,82.04,57.02
"1228",2014-09-25,1.102362205,0,80.06,57.02
"1229",2014-09-26,12.4015748,0,64.04,46.04
"1230",2014-09-27,10.31496063,0,60.98,44.96
"1231",2014-09-28,0,0,69.08,41
"1232",2014-09-29,0,0,75.92,44.06
"1233",2014-09-30,0,0,80.96,48.02
"1234",2014-10-01,0,0,84.02,51.08
"1235",2014-10-02,0,0,80.96,57.02
"1236",2014-10-03,0,0,80.96,57.02
"1237",2014-10-04,0,0,80.06,55.94
"1238",2014-10-05,0,0,82.04,55.94
"1239",2014-10-06,1.692913386,0,75.92,44.06
"1240",2014-10-07,0,0,60.98,35.96
"1241",2014-10-08,0,0,62.06,39.92
"1242",2014-10-09,0,0,60.08,35.06
"1243",2014-10-10,0,0,69.08,35.96
"1244",2014-10-11,0,0,73.94,37.94
"1245",2014-10-12,0,0,78.98,41
"1246",2014-10-13,0,0,78.08,46.94
"1247",2014-10-14,0,0,78.08,55.94
"1248",2014-10-15,0,0,71.06,42.98
"1249",2014-10-16,0,0,75.92,41
"1250",2014-10-17,0,0,73.94,53.06
"1251",2014-10-18,0,0,80.96,53.96
"1252",2014-10-19,0,0,75.02,60.98
"1253",2014-10-20,0.511811024,0,66.92,46.94
"1254",2014-10-21,0,0,60.08,37.94
"1255",2014-10-22,0,0,57.92,35.96
"1256",2014-10-23,0,0,64.04,33.08
"1257",2014-10-24,0,0,77,33.98
"1258",2014-10-25,0,0,77,42.98
"1259",2014-10-26,0,0,78.98,46.04
"1260",2014-10-27,0.787401575,0,69.08,55.04
"1261",2014-10-28,0.118110236,0,71.06,53.06
"1262",2014-10-29,0,0,73.94,44.06
"1263",2014-10-30,0,0,78.08,48.02
"1264",2014-10-31,0,0,75.92,55.04
"1265",2014-11-01,0.708661417,0,73.94,51.98
"1266",2014-11-02,0,0,69.98,59
"1267",2014-11-03,3.582677165,0,69.98,44.96
"1268",2014-11-04,0.590551181,0,57.02,44.06
"1269",2014-11-05,0.118110236,0,57.92,37.04
"1270",2014-11-06,0,0,60.98,33.98
"1271",2014-11-07,0,0,64.04,37.94
"1272",2014-11-08,0,0,66.92,37.94
"1273",2014-11-09,0,0,69.08,39.02
"1274",2014-11-10,0,0,69.08,39.92
"1275",2014-11-11,0,0,69.08,39.02
"1276",2014-11-12,0,0,69.98,39.02
"1277",2014-11-13,0,0,66.02,37.94
"1278",2014-11-14,0,0,69.98,37.94
"1279",2014-11-15,0,0,69.08,39.02
"1280",2014-11-16,0,0,64.94,35.96
"1281",2014-11-17,0,0,69.98,37.04
"1282",2014-11-18,0,0,77,37.04
"1283",2014-11-19,0,0,64.04,51.08
"1284",2014-11-20,0.590551181,0.196850394,51.08,32
"1285",2014-11-21,0,0,44.96,21.92
"1286",2014-11-22,0,0,64.94,30.02
"1287",2014-11-23,0,0,66.02,42.08
"1288",2014-11-24,3.307086614,0,57.92,44.06
"1289",2014-11-25,5.511811024,0,48.92,35.06
"1290",2014-11-26,0,0,55.94,30.92
"1291",2014-11-27,1.88976378,0.196850394,50,28.94
"1292",2014-11-28,0,0,57.02,24.98
"1293",2014-11-29,0,0,60.08,30.92
"1294",2014-11-30,0.31496063,0,55.04,35.06
"1295",2014-12-01,2.401574803,2.795275591,37.04,30.92
"1296",2014-12-02,1.614173228,1.417322835,35.96,26.06
"1297",2014-12-03,0,0,37.94,21.02
"1298",2014-12-04,0.196850394,0.196850394,35.06,26.96
"1299",2014-12-05,0,0,37.94,23
"1300",2014-12-06,0,0,33.98,19.94
"1301",2014-12-07,0,0,39.02,19.04
"1302",2014-12-08,0,0,46.04,30.02
"1303",2014-12-09,0,0,37.04,19.04
"1304",2014-12-10,0,0,32,19.04
"1305",2014-12-11,0,0,30.92,17.96
"1306",2014-12-12,0,0,51.08,30.92
"1307",2014-12-13,0.31496063,0,59,39.02
"1308",2014-12-14,4.803149606,0.196850394,48.02,32
"1309",2014-12-15,0,0,46.94,30.02
"1310",2014-12-16,0,0,41,24.08
"1311",2014-12-17,0.118110236,0,37.04,33.08
"1312",2014-12-18,0,0,57.92,35.96
"1313",2014-12-19,3.582677165,0,55.94,35.96
"1314",2014-12-20,0,0,37.94,19.94
"1315",2014-12-21,0,0,24.08,8.06
"1316",2014-12-22,0,0,32,8.06
"1317",2014-12-23,0,0,42.98,19.94
"1318",2014-12-24,0,0,37.04,30.02
"1319",2014-12-25,0,0,33.98,28.94
"1320",2014-12-26,0,0,41,28.94
"1321",2014-12-27,1.496062992,0,53.06,37.04
"1322",2014-12-28,9.094488189,7.283464567,37.94,24.98
"1323",2014-12-29,0,0,30.92,19.04
"1324",2014-12-30,0,0,32,8.96
"1325",2014-12-31,0,0,39.02,24.08
"1326",2015-01-01,0,0,37.04,17.06
"1327",2015-01-02,0,0,35.96,17.06
"1328",2015-01-03,0,0,28.94,12.92
"1329",2015-01-04,0,0,39.92,15.98
"1330",2015-01-05,3.11023622,4.212598425,39.92,24.08
"1331",2015-01-06,4.409448819,5.511811024,37.94,24.08
"1332",2015-01-07,0.196850394,0,42.08,28.94
"1333",2015-01-08,3.818897638,3.582677165,42.08,17.06
"1334",2015-01-09,0.31496063,0.787401575,17.96,-0.94
"1335",2015-01-10,0.393700787,0.787401575,26.96,1.94
"1336",2015-01-11,6.299212598,0.905511811,35.06,24.08
"1337",2015-01-12,2.086614173,0,53.06,35.06
"1338",2015-01-13,1.102362205,0,44.96,32
"1339",2015-01-14,2.716535433,0,46.94,35.06
"1340",2015-01-15,2.283464567,0.590551181,44.96,33.98
"1341",2015-01-16,0,0,35.96,30.92
"1342",2015-01-17,0,0,35.96,30.92
"1343",2015-01-18,0,0,33.08,28.04
"1344",2015-01-19,0,0,33.08,24.08
"1345",2015-01-20,0,0,33.08,15.98
"1346",2015-01-21,0,0,41,17.06
"1347",2015-01-22,1.496062992,0.905511811,35.06,28.04
"1348",2015-01-23,0.787401575,0,42.08,32
"1349",2015-01-24,3.700787402,2.204724409,39.92,32
"1350",2015-01-25,0.196850394,0.31496063,39.02,24.08
"1351",2015-01-26,5.196850394,1.614173228,42.08,33.08
"1352",2015-01-27,1.692913386,1.496062992,35.06,24.98
"1353",2015-01-28,2.283464567,2.992125984,30.92,23
"1354",2015-01-29,0.708661417,1.417322835,30.92,19.94
"1355",2015-01-30,0,0,26.96,15.08
"1356",2015-01-31,0,0,26.96,8.96
"1357",2015-02-01,0,0,28.04,10.04
"1358",2015-02-02,0,0,30.92,12.02
"1359",2015-02-03,0,0,35.96,10.94
"1360",2015-02-04,0,0,50,26.06
"1361",2015-02-05,0,0,48.92,33.98
"1362",2015-02-06,0,0,51.08,28.94
"1363",2015-02-07,0.118110236,0,55.04,39.02
"1364",2015-02-08,0,0,55.04,39.02
"1365",2015-02-09,0,0,51.98,44.96
"1366",2015-02-10,0.196850394,0,50,44.06
"1367",2015-02-11,0,0,60.98,37.94
"1368",2015-02-12,0,0,71.96,51.98
"1369",2015-02-13,1.102362205,0,66.92,46.94
"1370",2015-02-14,10.39370079,1.181102362,48.92,32
"1371",2015-02-15,0,0,46.94,26.06
"1372",2015-02-16,0,0,44.96,24.98
"1373",2015-02-18,0,0,55.94,26.96
"1374",2015-02-19,0,0,64.04,30.02
"1375",2015-02-20,0,0,60.08,35.96
"1376",2015-02-21,0,0,60.08,44.06
"1377",2015-02-22,0.787401575,0,55.04,44.06
"1378",2015-02-23,0,0,57.02,39.02
"1379",2015-02-24,0,0,64.04,51.98
"1380",2015-02-25,10.31496063,2.007874016,60.08,32
"1381",2015-02-26,4.606299213,4.606299213,33.08,26.06
"1382",2015-02-27,0.118110236,0,30.02,23
"1383",2015-02-28,0,0,33.98,14
"1384",2015-03-01,0,0,42.08,12.92
"1385",2015-03-02,3.307086614,4.015748031,41,30.02
"1386",2015-03-03,0,0,37.04,17.96
"1387",2015-03-04,0,0,42.08,24.08
"1388",2015-03-05,0,0,46.04,21.02
"1389",2015-03-06,0,0,57.02,24.98
"1390",2015-03-07,0,0,62.96,37.04
"1391",2015-03-08,0,0,64.04,42.98
"1392",2015-03-09,0.393700787,0,57.92,28.04
"1393",2015-03-10,0,0,48.92,24.98
"1394",2015-03-11,0,0,64.04,39.92
"1395",2015-03-12,0,0,68,35.06
"1396",2015-03-13,0,0,68,41
"1397",2015-03-14,0,0,64.04,39.92
"1398",2015-03-15,0,0,62.06,42.08
"1399",2015-03-16,0,0,66.92,33.98
"1400",2015-03-17,0,0,75.02,39.02
"1401",2015-03-18,0,0,78.08,42.08
"1402",2015-03-19,0,0,75.92,51.98
"1403",2015-03-20,0,0,75.02,42.98
"1404",2015-03-21,0,0,80.06,46.94
"1405",2015-03-22,0,0,75.92,51.08
"1406",2015-03-23,0,0,75.02,51.98
"1407",2015-03-24,0,0,75.02,53.06
"1408",2015-03-25,0,0,73.04,55.94
"1409",2015-03-26,6.417322835,0,62.06,39.02
"1410",2015-03-27,0,0,60.08,35.06
"1411",2015-03-28,2.598425197,0,57.02,41
"1412",2015-03-29,0.196850394,0,55.04,37.04
"1413",2015-03-30,6.614173228,0,53.06,39.92
"1414",2015-03-31,0.393700787,0,57.02,37.04
"1415",2015-04-01,0,0,60.08,33.98
"1416",2015-04-02,1.496062992,0,64.94,46.94
"1417",2015-04-03,0.31496063,0,57.92,41
"1418",2015-04-04,0,0,64.04,39.92
"1419",2015-04-05,0.118110236,0,60.98,39.92
"1420",2015-04-06,0,0,55.94,35.06
"1421",2015-04-07,0,0,51.08,35.06
"1422",2015-04-08,0,0,62.06,30.02
"1423",2015-04-09,0,0,75.92,39.92
"1424",2015-04-10,0,0,71.06,55.04
"1425",2015-04-11,0.905511811,0,66.92,44.06
"1426",2015-04-12,1.88976378,0,62.96,32
"1427",2015-04-13,0,0,62.06,30.02
"1428",2015-04-14,0,0,64.94,37.04
"1429",2015-04-15,0,0,75.02,39.92
"1430",2015-04-16,0,0,82.94,44.96
"1431",2015-04-17,0,0,60.98,42.08
"1432",2015-04-18,0,0,62.06,35.96
"1433",2015-04-19,0,0,73.94,39.92
"1434",2015-04-20,0,0,75.02,51.98
"1435",2015-04-21,0,0,71.96,51.08
"1436",2015-04-22,4.015748031,0,62.96,42.98
"1437",2015-04-23,0.590551181,0,62.06,42.98
"1438",2015-04-24,0.196850394,0,57.02,37.94
"1439",2015-04-25,0,0,64.04,33.98
"1440",2015-04-26,0,0,73.94,44.06
"1441",2015-04-27,0.984251969,0,62.06,42.08
"1442",2015-04-28,1.88976378,0,53.96,39.92
"1443",2015-04-29,0,0,59,35.96
"1444",2015-04-30,2.519685039,0,53.06,39.92
"1445",2015-05-01,0.118110236,0,48.02,33.98
"1446",2015-05-02,0,0,59,33.08
"1447",2015-05-03,0,0,64.04,33.98
"1448",2015-05-04,0,0,66.02,44.96
"1449",2015-05-05,0,0,66.92,46.04
"1450",2015-05-06,0,0,71.06,39.92
"1451",2015-05-07,0,0,80.06,44.06
"1452",2015-05-08,0,0,89.06,48.02
"1453",2015-05-09,0.708661417,0,87.08,59
"1454",2015-05-10,0,0,80.96,66.02
"1455",2015-05-11,0,0,78.08,53.96
"1456",2015-05-12,0,0,78.08,48.92
"1457",2015-05-13,0,0,77,51.08
"1458",2015-05-14,0,0,82.04,50
"1459",2015-05-15,0,0,87.08,53.06
"1460",2015-05-16,0,0,84.92,46.94
"1461",2015-05-17,0,0,73.94,41
"1462",2015-05-18,0,0,71.96,50
"1463",2015-05-19,0.31496063,0,68,48.92
"1464",2015-05-20,2.913385827,0,66.02,35.96
"1465",2015-05-21,0,0,53.06,35.96
"1466",2015-05-22,0,0,60.98,41
"1467",2015-05-23,0,0,71.06,39.02
"1468",2015-05-24,1.299212598,0,69.98,50
"1469",2015-05-25,0,0,75.02,44.96
"1470",2015-05-26,0,0,82.94,50
"1471",2015-05-27,0,0,87.98,50
"1472",2015-05-28,0,0,80.96,57.02
"1473",2015-05-29,0,0,71.06,55.04
"1474",2015-05-30,0,0,73.04,46.94
"1475",2015-05-31,0,0,80.06,46.04
"1476",2015-06-01,0,0,84.02,50
"1477",2015-06-02,0,0,87.98,51.98
"1478",2015-06-03,0,0,89.06,55.04
"1479",2015-06-04,0,0,87.08,60.08
"1480",2015-06-05,0,0,82.94,55.04
"1481",2015-06-06,0,0,91.04,51.98
"1482",2015-06-07,0,0,96.08,60.08
"1483",2015-06-08,0,0,93.92,64.04
"1484",2015-06-09,0,0,93.92,57.92
"1485",2015-06-10,0,0,96.08,62.06
"1486",2015-06-11,0,0,96.08,55.94
"1487",2015-06-12,0,0,93.02,62.96
"1488",2015-06-13,0,0,89.06,55.94
"1489",2015-06-14,0,0,87.98,57.02
"1490",2015-06-15,0,0,87.98,55.94
"1491",2015-06-16,0.787401575,0,71.96,48.02
"1492",2015-06-17,0,0,82.04,48.92
"1493",2015-06-18,0,0,91.04,53.06
"1494",2015-06-19,0,0,91.94,57.02
"1495",2015-06-20,0,0,91.94,57.92
"1496",2015-06-21,0,0,87.08,64.94
"1497",2015-06-22,0,0,95,62.06
"1498",2015-06-23,0,0,100.04,64.94
"1499",2015-06-24,0,0,100.94,62.06
"1500",2015-06-25,0,0,98.96,66.02
"1501",2015-06-26,0,0,89.06,55.04
"1502",2015-06-27,0,0,91.04,53.96
"1503",2015-06-28,0,0,95,55.94
"1504",2015-06-29,0,0,98.06,60.08
"1505",2015-06-30,0,0,96.98,62.06
"1506",2015-07-01,0,0,93.02,57.92
"1507",2015-07-02,0,0,89.06,57.92
"1508",2015-07-03,0,0,87.08,55.04
"1509",2015-07-04,0,0,95,55.94
"1510",2015-07-05,0,0,96.98,62.96
"1511",2015-07-06,0,0,98.06,64.04
"1512",2015-07-07,0,0,100.94,62.96
"1513",2015-07-08,0,0,100.04,64.94
"1514",2015-07-09,0,0,104,64.94
"1515",2015-07-10,0,0,102.02,69.98
"1516",2015-07-11,0,0,102.02,66.02
"1517",2015-07-12,0,0,100.94,68
"1518",2015-07-13,0,0,93.02,71.06
"1519",2015-07-14,0,0,93.02,69.98
"1520",2015-07-15,0,0,95,64.94
"1521",2015-07-16,0,0,96.98,62.96
"1522",2015-07-17,0,0,96.08,64.04
"1523",2015-07-18,0,0,100.04,64.94
"1524",2015-07-19,0,0,100.04,68
"1525",2015-07-20,0,0,100.04,66.02
"1526",2015-07-21,0,0,100.94,66.02
"1527",2015-07-22,0.118110236,0,98.06,71.96
"1528",2015-07-23,0.31496063,0,93.92,64.94
"1529",2015-07-24,0,0,96.08,68
"1530",2015-07-25,0,0,96.08,66.02
"1531",2015-07-26,0,0,96.08,64.94
"1532",2015-07-27,0,0,98.06,66.92
"1533",2015-07-28,1.614173228,0,96.08,66.02
"1534",2015-07-29,0.708661417,0,89.96,64.04
"1535",2015-07-30,0.118110236,0,93.02,62.96
"1536",2015-07-31,0.511811024,0,91.94,66.02
"1537",2015-08-01,0,0,96.08,62.06
"1538",2015-08-02,0,0,96.08,60.98
"1539",2015-08-03,0,0,98.06,64.04
"1540",2015-08-04,0,0,100.04,64.04
"1541",2015-08-05,0,0,98.96,64.94
"1542",2015-08-06,0,0,98.96,69.08
"1543",2015-08-07,0,0,95,66.02
"1544",2015-08-08,0,0,93.02,66.92
"1545",2015-08-09,0,0,93.02,64.04
"1546",2015-08-10,0,0,84.92,62.06
"1547",2015-08-11,0,0,87.08,64.94
"1548",2015-08-12,0,0,89.96,62.96
"1549",2015-08-13,0.787401575,0,89.96,62.96
"1550",2015-08-14,0,0,93.92,62.96
"1551",2015-08-15,0,0,93.92,64.04
"1552",2015-08-16,0.905511811,0,93.92,66.02
"1553",2015-08-17,0,0,91.94,66.92
"1554",2015-08-18,0,0,82.94,62.06
"1555",2015-08-19,0,0,89.06,55.04
"1556",2015-08-20,0,0,91.94,57.02
"1557",2015-08-21,0,0,95,59
"1558",2015-08-22,0,0,93.92,59
"1559",2015-08-23,0,0,96.08,64.04
"1560",2015-08-24,0,0,95,62.06
"1561",2015-08-25,0,0,91.94,62.96
"1562",2015-08-26,0.196850394,0,89.96,60.98
"1563",2015-08-27,0,0,91.94,62.06
"1564",2015-08-28,0,0,96.98,59
"1565",2015-08-29,0,0,96.98,64.04
"1566",2015-08-30,0,0,98.06,60.98
"1567",2015-08-31,0,0,98.06,60.08
"1568",2015-09-01,0,0,98.06,60.98
"1569",2015-09-02,0,0,96.08,66.92
"1570",2015-09-03,2.007874016,0,87.08,64.04
"1571",2015-09-04,0,0,89.96,57.02
"1572",2015-09-05,0,0,95,59
"1573",2015-09-06,0,0,98.06,60.98
"1574",2015-09-07,0,0,96.08,60.08
"1575",2015-09-08,0,0,96.98,60.98
"1576",2015-09-09,0,0,96.08,60.08
"1577",2015-09-10,0,0,91.94,60.08
"1578",2015-09-11,0.393700787,0,89.96,60.98
"1579",2015-09-12,0,0,82.94,57.92
"1580",2015-09-13,0,0,87.08,55.94
"1581",2015-09-14,0,0,91.94,59
"1582",2015-09-15,0,0,91.04,60.08
"1583",2015-09-16,0,0,89.06,60.08
"1584",2015-09-17,0.118110236,0,84.92,62.96
"1585",2015-09-18,7.992125984,0,66.02,51.98
"1586",2015-09-19,0,0,68,44.06
"1587",2015-09-20,0,0,78.98,46.94
"1588",2015-09-21,0,0,82.94,51.08
"1589",2015-09-22,0.590551181,0,80.06,50
"1590",2015-09-23,0,0,78.98,42.98
"1591",2015-09-24,0,0,75.92,53.06
"1592",2015-09-25,3.11023622,0,57.02,41
"1593",2015-09-26,0.511811024,0,51.98,39.02
"1594",2015-09-27,9.212598425,0,46.94,37.94
"1595",2015-09-28,0.118110236,0,62.96,37.94
"1596",2015-09-29,0,0,66.92,37.94
"1597",2015-09-30,0,0,73.04,41
"1598",2015-10-01,0,0,68,50
"1599",2015-10-02,0,0,73.94,46.94
"1600",2015-10-03,0,0,71.06,50
"1601",2015-10-04,1.102362205,0,66.92,48.02
"1602",2015-10-05,0,0,53.96,37.94
"1603",2015-10-06,0,0,66.02,33.98
"1604",2015-10-07,0,0,69.98,48.02
"1605",2015-10-08,0,0,66.92,37.04
"1606",2015-10-09,0,0,62.96,39.02
"1607",2015-10-10,0,0,75.02,37.94
"1608",2015-10-11,0,0,71.96,44.06
"1609",2015-10-12,0,0,57.02,35.06
"1610",2015-10-13,0,0,64.94,33.98
"1611",2015-10-14,0,0,75.02,42.08
"1612",2015-10-15,0,0,69.08,44.96
"1613",2015-10-16,0,0,68,33.08
"1614",2015-10-17,0,0,62.96,37.94
"1615",2015-10-18,0,0,60.08,30.02
"1616",2015-10-19,0,0,69.08,32
"1617",2015-10-20,0,0,77,33.98
"1618",2015-10-21,0,0,75.02,37.94
"1619",2015-10-22,0,0,77,42.08
"1620",2015-10-23,0,0,71.96,48.02
"1621",2015-10-24,0,0,55.04,32
"1622",2015-10-25,0,0,68,37.94
"1623",2015-10-27,0,0,64.04,37.04
"1624",2015-10-28,0,0,71.96,35.06
"1625",2015-10-29,0,0,66.02,37.94
"1626",2015-10-30,0,0,62.06,37.04
"1627",2015-10-31,0,0,62.96,35.96
"1628",2015-11-01,0,0,69.98,37.04
"1629",2015-11-02,0,0,64.04,39.02
"1630",2015-11-03,0,0,59,35.96
"1631",2015-11-04,0,0,71.06,37.04
"1632",2015-11-05,0,0,71.06,53.06
"1633",2015-11-06,0,0,66.02,53.96
"1634",2015-11-07,0,0,60.08,53.06
"1635",2015-11-08,1.496062992,0,60.98,42.08
"1636",2015-11-09,0,0,55.04,39.92
"1637",2015-11-10,0.118110236,0,46.94,37.04
"1638",2015-11-11,0,0,46.94,24.98
"1639",2015-11-12,0,0,66.02,32
"1640",2015-11-13,0,0,62.06,42.98
"1641",2015-11-14,0,0,57.92,33.98
"1642",2015-11-15,0,0,55.94,30.02
"1643",2015-11-16,0,0,69.08,33.98
"1644",2015-11-17,0,0,62.06,46.94
"1645",2015-11-18,0,0,66.92,35.06
"1646",2015-11-19,0,0,62.96,48.02
"1647",2015-11-20,2.913385827,0,60.98,37.94
"1648",2015-11-21,0,0,42.98,24.98
"1649",2015-11-22,0,0,51.08,24.98
"1650",2015-11-23,0,0,53.96,33.98
"1651",2015-11-24,0,0,64.04,44.06
"1652",2015-11-25,0,0,66.02,39.02
"1653",2015-11-26,0,0,68,39.02
"1654",2015-11-27,0,0,66.92,48.02
"1655",2015-11-28,0,0,62.06,37.04
"1656",2015-11-29,0,0,66.92,39.02
"1657",2015-12-01,0,0,48.02,33.98
"1658",2015-12-02,0,0,50,30.92
"1659",2015-12-03,0,0,53.96,28.04
"1660",2015-12-04,0,0,50,33.98
"1661",2015-12-05,0,0,62.96,28.94
"1662",2015-12-06,0,0,64.04,37.94
"1663",2015-12-07,0,0.118110236,37.94,28.04
"1664",2015-12-08,0,0,37.04,19.04
"1665",2015-12-09,0,0,35.96,17.96
"1666",2015-12-10,0,0,37.04,19.04
"1667",2015-12-11,0,0,41,17.96
"1668",2015-12-12,0,0,42.08,17.06
"1669",2015-12-13,0,0,42.98,17.06
"1670",2015-12-14,0,0,42.98,17.96
"1671",2015-12-15,0,0,42.98,19.04
"1672",2015-12-16,0,0,35.96,15.98
"1673",2015-12-17,0,0,37.94,28.94
"1674",2015-12-18,0,0,44.06,19.04
"1675",2015-12-19,0,0,37.04,26.06
"1676",2015-12-20,0.118110236,0.196850394,37.04,28.94
"1677",2015-12-21,0,0,42.08,21.92
"1678",2015-12-22,0,0,53.06,21.92
"1679",2015-12-23,0,0,57.02,33.98
"1680",2015-12-24,0.31496063,0.590551181,33.98,24.98
"1681",2015-12-25,0,0,39.02,15.98
"1682",2015-12-26,0.118110236,0,42.98,32
"1683",2015-12-27,0,0,37.94,17.06
"1684",2015-12-28,3.582677165,1.417322835,42.08,28.94
"1685",2015-12-29,0,0,42.98,23
"1686",2015-12-30,0,0,48.02,21.92
"1687",2015-12-31,0,0,51.98,23
"1688",2016-01-01,0,0,59,24.98
"1689",2016-01-02,0,0,57.02,30.92
"1690",2016-01-03,0,0,57.02,26.06
"1691",2016-01-04,0,0,46.94,21.92
"1692",2016-01-05,0,0,44.96,21.02
"1693",2016-01-06,0,0,41,19.04
"1694",2016-01-07,0,0,44.96,19.04
"1695",2016-01-08,0,0,51.08,24.08
"1696",2016-01-09,1.417322835,0,42.08,32
"1697",2016-01-10,0.31496063,0,48.92,33.08
"1698",2016-01-11,0,0,48.92,28.04
"1699",2016-01-12,1.417322835,0,46.04,39.92
"1700",2016-01-13,2.598425197,0,46.04,39.92
"1701",2016-01-14,0,0,46.94,33.08
"1702",2016-01-15,0,0,50,39.92
"1703",2016-01-16,0,0,51.08,26.96
"1704",2016-01-17,0,0,50,24.98
"1705",2016-01-18,0,0,48.02,26.06
"1706",2016-01-19,0,0,51.98,28.04
"1707",2016-01-20,0,0,53.06,26.96
"1708",2016-01-21,0,0,55.04,30.02
"1709",2016-01-22,0,0,55.94,37.94
"1710",2016-01-23,4.606299213,4.803149606,51.08,28.94
"1711",2016-01-24,0.118110236,0.511811024,35.96,21.92
"1712",2016-01-25,0,0,33.98,15.08
"1713",2016-01-26,0,0,41,21.02
"1714",2016-01-27,0,0,51.08,21.02
"1715",2016-01-28,0,0,46.94,32
"1716",2016-01-29,0.905511811,1.299212598,41,26.06
"1717",2016-01-30,0,0,48.02,21.02
"1718",2016-01-31,0,0,51.98,32
"1719",2016-02-01,0,0,51.08,26.96
"1720",2016-02-02,0,0,60.08,32
"1721",2016-02-03,0,0,57.92,39.02
"1722",2016-02-04,0,0,51.08,35.06
"1723",2016-02-05,0,0,53.96,33.98
"1724",2016-02-06,0,0,57.92,39.92
"1725",2016-02-07,0,0,55.04,35.96
"1726",2016-02-08,0,0,55.94,39.92
"1727",2016-02-09,0,0,51.98,30.92
"1728",2016-02-10,0,0,53.96,26.06
"1729",2016-02-11,0,0,59,30.92
"1730",2016-02-12,0,0,62.06,35.06
"1731",2016-02-13,0,0,55.04,32
"1732",2016-02-14,0,0,44.96,19.94
"1733",2016-02-15,0,0,48.92,37.04
"1734",2016-02-16,0,0,46.94,28.94
"1735",2016-02-17,0.118110236,0,51.98,35.06
"1736",2016-02-18,0.905511811,0.196850394,46.94,30.02
"1737",2016-02-19,0,0,46.04,17.96
"1738",2016-02-20,0,0,57.02,23
"1739",2016-02-21,0,0,60.98,42.08
"1740",2016-02-22,4.803149606,5.984251969,42.08,24.98
"1741",2016-02-23,0.511811024,0.708661417,28.94,17.06
"1742",2016-02-24,0,0,30.92,10.94
"1743",2016-02-25,0,0,35.96,15.08
"1744",2016-02-26,2.992125984,5.511811024,33.08,24.08
"1745",2016-02-27,0,0,28.94,10.04
"1746",2016-02-28,0.118110236,0.708661417,33.98,17.06
"1747",2016-02-29,0,0,44.96,23
"1748",2016-03-01,0,0,44.06,28.94
"1749",2016-03-02,0,0,42.98,30.02
"1750",2016-03-03,0.196850394,0,42.98,30.02
"1751",2016-03-04,0,0,57.92,33.08
"1752",2016-03-05,0,0,53.96,33.98
"1753",2016-03-06,5.905511811,2.795275591,51.98,26.96
"1754",2016-03-07,0,0,41,24.98
"1755",2016-03-08,0,0,44.96,19.94
"1756",2016-03-09,0,0,48.02,21.92
"1757",2016-03-10,0,0,60.08,28.04
"1758",2016-03-11,0,0,62.96,35.06
"1759",2016-03-12,0,0,57.92,35.06
"1760",2016-03-13,0,0,64.04,37.94
"1761",2016-03-14,0,0,66.02,42.98
"1762",2016-03-15,0,0,69.08,39.02
"1763",2016-03-16,0.511811024,0,66.92,46.04
"1764",2016-03-17,4.015748031,0,55.94,33.98
"1765",2016-03-18,0.511811024,0.118110236,53.96,30.92
"1766",2016-03-19,0,0,51.98,35.06
"1767",2016-03-20,0,0,44.06,32
"1768",2016-03-21,0,0,50,32
"1769",2016-03-22,0,0,57.92,33.08
"1770",2016-03-23,0,0,62.96,41
"1771",2016-03-24,0.511811024,0,60.98,51.08
"1772",2016-03-25,2.519685039,0,57.92,39.92
"1773",2016-03-26,0,0,60.98,37.04
"1774",2016-03-27,0,0,53.06,35.96
"1775",2016-03-28,2.086614173,2.007874016,42.98,30.02
"1776",2016-03-29,0,0,51.98,26.96
"1777",2016-03-30,0,0,55.94,39.02
"1778",2016-03-31,0,0,60.08,39.92
"1779",2016-04-01,0,0,66.02,35.06
"1780",2016-04-02,0,0,73.04,39.02
"1781",2016-04-03,0,0,71.06,44.06
"1782",2016-04-04,0,0,69.08,46.04
"1783",2016-04-05,0,0,53.06,24.98
"1784",2016-04-06,0,0,57.02,35.96
"1785",2016-04-07,0,0,66.02,35.96
"1786",2016-04-08,0.984251969,0,62.96,48.02
"1787",2016-04-09,6.692913386,0,55.04,48.02
"1788",2016-04-10,1.299212598,0,57.02,44.06
"1789",2016-04-11,0,0,62.06,37.04
"1790",2016-04-12,0,0,68,37.94
"1791",2016-04-13,0,0,77,50
"1792",2016-04-14,0.708661417,0,71.06,37.94
"1793",2016-04-15,2.519685039,3.503937008,48.02,30.02
"1794",2016-04-16,0,0,60.08,28.94
"1795",2016-04-17,0,0,69.98,41
"1796",2016-04-18,0,0,77,44.96
"1797",2016-04-19,0,0.905511811,71.96,32
"1798",2016-04-20,0,0,59,30.02
"1799",2016-04-21,0,0,68,44.06
"1800",2016-04-22,0,0,66.92,44.06
"1801",2016-04-23,0,0,71.06,39.02
"1802",2016-04-24,0,0,77,42.08
"1803",2016-04-25,0,0,75.92,51.98
"1804",2016-04-26,0,0,68,39.92
"1805",2016-04-27,0,0,75.02,42.08
"1806",2016-04-28,0,0,78.98,44.96
"1807",2016-04-29,0,0,84.02,46.94
"1808",2016-04-30,0,0,86,46.94
"1809",2016-05-01,0,0,78.98,48.92
"1810",2016-05-02,6.692913386,0,66.02,35.96
"1811",2016-05-03,0,0,66.02,35.96
"1812",2016-05-04,2.598425197,0,59,44.96
"1813",2016-05-05,2.204724409,0,69.08,42.08
"1814",2016-05-06,0,0,75.02,42.08
"1815",2016-05-07,0,0,80.96,46.94
"1816",2016-05-08,0,0,86,53.96
"1817",2016-05-09,0,0,87.08,53.06
"1818",2016-05-10,0,0,84.02,57.02
"1819",2016-05-11,0,0,87.08,57.92
"1820",2016-05-12,0,0,87.08,57.02
"1821",2016-05-13,4.015748031,0,77,48.92
"1822",2016-05-14,3.11023622,0,53.96,44.06
"1823",2016-05-15,0,0,68,37.94
"1824",2016-05-16,0.511811024,0,69.98,44.06
"1825",2016-05-17,0.393700787,0,77,46.04
"1826",2016-05-18,0,0,82.94,48.92
"1827",2016-05-19,0,0,82.04,51.98
"1828",2016-05-20,0,0,82.04,51.98
"1829",2016-05-21,0,0,77,48.02
"1830",2016-05-22,0.196850394,0,77,51.98
"1831",2016-05-23,0,0,82.94,51.08
"1832",2016-05-24,0.393700787,0,77,51.98
"1833",2016-05-25,0,0,78.08,48.02
"1834",2016-05-26,0,0,86,53.06
"1835",2016-05-27,0,0,89.06,53.96
"1836",2016-05-28,0,0,87.98,53.96
"1837",2016-05-29,0,0,78.98,55.94
"1838",2016-05-30,0,0,71.06,48.92
"1839",2016-05-31,0,0,78.08,48.92
"1840",2016-06-01,0,0,86,51.98
"1841",2016-06-02,0,0,89.06,55.94
"1842",2016-06-03,0,0,82.94,55.04
"1843",2016-06-04,0,0,82.94,46.04
"1844",2016-06-07,0,0,96.08,60.08
"1845",2016-06-08,0,0,93.92,59
"1846",2016-06-09,0,0,93.02,57.92
"1847",2016-06-10,0,0,91.94,57.92
"1848",2016-06-11,0,0,96.08,55.94
"1849",2016-06-12,0,0,93.92,57.92
"1850",2016-06-13,0,0,86,48.02
"1851",2016-06-14,0,0,87.08,53.06
"1852",2016-06-15,0,0,98.96,55.94
"1853",2016-06-16,0,0,98.06,64.04
"1854",2016-06-17,0,0,96.08,60.08
"1855",2016-06-18,0,0,93.02,66.02
"1856",2016-06-19,0.118110236,0,89.96,69.08
"1857",2016-06-20,0,0,84.02,59
"1858",2016-06-21,0,0,82.04,57.02
"1859",2016-06-22,0,0,87.08,55.04
"1860",2016-06-23,0,0,96.08,57.92
"1861",2016-06-24,0,0,93.02,60.98
"1862",2016-06-28,0,0,100.04,60.98
"1863",2016-06-29,0,0,102.02,60.98
"1864",2016-06-30,0,0,100.04,64.04
"1865",2016-07-01,0,0,93.02,64.04
"1866",2016-07-02,0,0,82.04,59
"1867",2016-07-03,0,0,89.06,53.06
"1868",2016-07-04,0,0,98.06,57.92
"1869",2016-07-05,0,0,96.98,62.06
"1870",2016-07-06,0,0,96.98,59
"1871",2016-07-07,0,0,100.04,62.96
"1872",2016-07-08,0,0,104,66.92
"1873",2016-07-09,0,0,102.02,69.98
"1874",2016-07-10,0,0,102.92,69.08
"1875",2016-07-11,0.31496063,0,100.94,68
"1876",2016-07-12,0,0,100.94,69.98
"1877",2016-07-13,0,0,100.94,69.98
"1878",2016-07-14,0,0,96.98,69.98
"1879",2016-07-15,0,0,98.96,66.02
"1880",2016-07-16,0,0,93.92,64.04
"1881",2016-07-17,0,0,98.06,64.04
"1882",2016-07-18,0,0,98.96,69.08
"1883",2016-07-19,1.102362205,0,98.06,68
"1884",2016-07-20,0,0,98.96,66.92
"1885",2016-07-21,0,0,100.94,68
"1886",2016-07-22,0,0,96.98,69.98
"1887",2016-07-23,0,0,102.02,69.98
"1888",2016-07-24,2.795275591,0,95,68
"1889",2016-07-25,0,0,96.98,66.92
"1890",2016-07-26,0,0,100.94,66.02
"1891",2016-07-27,0,0,100.04,71.06
"1892",2016-07-28,0,0,98.96,68
"1893",2016-07-29,0,0,100.94,66.92
"1894",2016-07-30,0,0,98.96,69.08
"1895",2016-07-31,0,0,98.06,64.04
"1896",2016-08-01,0,0,98.06,60.98
"1897",2016-08-02,0,0,100.04,60.98
"1898",2016-08-03,0,0,96.98,71.96
"1899",2016-08-04,0,0,95,71.06
"1900",2016-08-05,0,0,93.92,68
"1901",2016-08-06,0,0,96.98,64.04
"1902",2016-08-07,0.118110236,0,91.94,66.02
"1903",2016-08-08,0,0,93.02,57.92
"1904",2016-08-09,0,0,95,57.92
"1905",2016-08-10,0,0,98.06,59
"1906",2016-08-11,0,0,100.04,60.98
"1907",2016-08-12,0,0,98.96,66.02
"1908",2016-08-13,0,0,98.96,64.94
"1909",2016-08-14,0,0,100.04,68
"1910",2016-08-15,0,0,96.98,68
"1911",2016-08-16,0,0,93.92,69.08
"1912",2016-08-17,0,0,91.94,62.96
"1913",2016-08-18,0,0,93.92,64.94
"1914",2016-08-19,0,0,95,66.02
"1915",2016-08-20,0.196850394,0,91.94,60.98
"1916",2016-08-21,0,0,91.04,57.02
"1917",2016-08-22,0,0,93.92,60.08
"1918",2016-08-23,0.590551181,0,89.06,62.06
"1919",2016-08-24,1.417322835,0,82.94,64.94
"1920",2016-08-25,2.992125984,0,87.98,55.04
"1921",2016-08-26,0,0,93.92,60.08
"1922",2016-08-27,0,0,95,64.04
"1923",2016-08-28,0,0,91.94,66.02
"1924",2016-08-29,0,0,82.94,66.92
"1925",2016-08-30,0,0,80.96,55.04
"1926",2016-08-31,0,0,89.96,53.96
"1927",2016-09-01,0,0,91.04,60.98
"1928",2016-09-02,0,0,91.04,60.98
"1929",2016-09-03,0,0,89.06,66.02
"1930",2016-09-04,0,0,89.96,53.96
"1931",2016-09-05,0,0,91.94,55.04
"1932",2016-09-06,0,0,89.06,57.02
"1933",2016-09-07,0,0,91.04,55.94
"1934",2016-09-08,0,0,91.04,59
"1935",2016-09-09,0,0,91.94,60.08
"1936",2016-09-10,0,0,93.02,60.08
"1937",2016-09-11,0,0,91.04,57.92
"1938",2016-09-12,0,0,96.08,57.02
"1939",2016-09-13,0,0,93.92,60.08
"1940",2016-09-14,0,0,93.92,64.04
"1941",2016-09-15,0,0,87.98,62.96
"1942",2016-09-16,0,0,89.96,57.92
"1943",2016-09-17,0,0,93.92,55.04
"1944",2016-09-18,0,0,93.02,64.04
"1945",2016-09-19,0,0,91.94,62.96
"1946",2016-09-20,0,0,89.96,57.02
"1947",2016-09-21,0,0,89.06,51.98
"1948",2016-09-22,0,0,86,51.98
"1949",2016-09-23,0,0,84.92,46.04
"1950",2016-09-24,0,0,87.98,48.92
"1951",2016-09-25,0,0,84.92,55.94
"1952",2016-09-26,0,0,78.08,53.96
"1953",2016-09-27,0,0,73.94,42.98
"1954",2016-09-28,0,0,75.02,42.08
"1955",2016-09-29,0,0,80.96,42.98
"1956",2016-09-30,0,0,87.08,44.96
"1957",2016-10-01,0,0,89.06,53.96
"1958",2016-10-02,0,0,84.02,62.96
"1959",2016-10-03,0,0,80.96,51.08
"1960",2016-10-04,0,0,80.06,59
"1961",2016-10-05,3.385826772,0,75.02,55.04
"1962",2016-10-06,2.519685039,0,71.96,53.96
"1963",2016-10-07,8.897637795,0,64.04,46.04
"1964",2016-10-08,0,0,57.92,44.06
"1965",2016-10-09,1.692913386,0,53.96,44.96
"1966",2016-10-10,0,0,53.06,44.06
"1967",2016-10-11,0,0,62.06,37.04
"1968",2016-10-12,12.00787402,0,57.02,41
"1969",2016-10-13,0,0,60.08,39.92
"1970",2016-10-14,0,0,60.98,37.04
"1971",2016-10-15,0,0,66.02,35.96
"1972",2016-10-16,0,0,59,35.96
"1973",2016-10-17,0,0,53.06,26.96
"1974",2016-10-18,0,0,62.96,30.92
"1975",2016-10-19,0,0,64.94,37.04
"1976",2016-10-20,0,0,62.96,39.92
"1977",2016-10-21,0,0,62.06,37.04
"1978",2016-10-22,0,0,73.04,37.94
"1979",2016-10-23,0,0,71.06,42.98
"1980",2016-10-24,0,0,66.92,42.98
"1981",2016-10-25,0.196850394,0,69.98,44.06
"1982",2016-10-26,0,0,69.08,41
"1983",2016-10-27,0,0,60.98,46.04
"1984",2016-10-28,0,0,66.02,37.04
"1985",2016-10-29,0,0,75.02,39.92
"1986",2016-10-30,0,0,75.92,42.08
"1987",2016-10-31,0,0,68,51.08
"1988",2016-11-01,0,0,55.04,35.96
"1989",2016-11-02,0,0,50,30.02
"1990",2016-11-03,0.31496063,0,46.94,41
"1991",2016-11-04,0.196850394,0,64.04,42.98
"1992",2016-11-05,0.118110236,0,62.96,41
"1993",2016-11-06,0,0,51.98,35.06
"1994",2016-11-07,0,0,57.02,35.96
"1995",2016-11-08,0,0,51.98,30.92
"1996",2016-11-09,0,0,51.98,26.06
"1997",2016-11-10,0,0,46.94,24.98
"1998",2016-11-11,0,0,46.94,21.92
"1999",2016-11-12,0,0,51.98,28.04
"2000",2016-11-13,0,0,46.04,30.02
"2001",2016-11-14,0,0,42.98,21.92
"2002",2016-11-15,0,0,44.96,21.02
"2003",2016-11-16,0,0,53.06,24.08
"2004",2016-11-17,0,0,53.06,24.98
"2005",2016-11-18,0,0,55.94,28.04
"2006",2016-11-19,0,0,48.92,28.04
"2007",2016-11-20,0,0,46.94,26.06
"2008",2016-11-21,0,0,46.94,19.94
"2009",2016-11-22,0,0,50,21.02
"2010",2016-11-23,0,0,53.96,21.02
"2011",2016-11-24,4.015748031,0,48.92,35.96
"2012",2016-11-25,0,0,55.94,37.04
"2013",2016-11-26,2.992125984,0,51.98,33.98
"2014",2016-11-27,0,0,42.08,21.92
"2015",2016-11-28,0,0,42.98,19.94
"2016",2016-11-29,0,0,48.92,24.98
"2017",2016-11-30,0.590551181,0,46.94,39.02
"2018",2016-12-01,3.503937008,0,42.08,33.98
"2019",2016-12-02,4.488188976,0,44.96,37.94
"2020",2016-12-03,0.590551181,0.196850394,42.08,28.94
"2021",2016-12-04,3.582677165,4.488188976,37.94,28.94
"2022",2016-12-05,0.984251969,2.283464567,35.06,23
"2023",2016-12-06,0,0,30.02,10.94
"2024",2016-12-07,0,0,33.08,17.06
"2025",2016-12-08,0,0,32,19.94
"2026",2016-12-09,0,0,39.92,26.96
"2027",2016-12-10,0,0,39.92,26.96
"2028",2016-12-11,0,0,37.04,30.92
"2029",2016-12-12,0,0,44.96,26.06
"2030",2016-12-13,0,0,37.04,30.02
"2031",2016-12-14,0.590551181,0.590551181,39.92,26.96
"2032",2016-12-15,0.118110236,0.196850394,39.02,19.94
"2033",2016-12-16,0,0,41,19.04
"2034",2016-12-17,0,0,57.02,28.94
"2035",2016-12-18,0,0,55.94,26.06
"2036",2016-12-19,0,0,50,30.02
"2037",2016-12-20,0,0,50,33.08
"2038",2016-12-21,0,0,51.08,39.02
"2039",2016-12-22,0,0,51.08,26.96
"2040",2016-12-23,0.118110236,0,53.06,35.06
"2041",2016-12-24,0.393700787,0,46.94,28.04
"2042",2016-12-25,0,0,44.06,24.08
"2043",2016-12-26,0,0,50,33.08
"2044",2016-12-27,0,0,48.02,33.08
"2045",2016-12-28,1.614173228,0.984251969,39.92,30.92
"2046",2016-12-29,1.299212598,2.204724409,30.92,24.08
"2047",2016-12-30,1.496062992,0.511811024,30.92,15.98
"2048",2016-12-31,0.196850394,0.393700787,28.94,17.06
"2049",2017-01-01,0.31496063,0.787401575,35.06,21.02
"2050",2017-01-02,0.118110236,0.118110236,28.94,21.02
"2051",2017-01-03,0,0,23,6.98
"2052",2017-01-04,0,0,21.92,3.92
"2053",2017-01-05,0,0,28.94,8.96
"2054",2017-01-06,0,0,35.06,12.92
"2055",2017-01-07,0,0,39.02,17.06
"2056",2017-01-08,6.496062992,0.708661417,39.92,32
"2057",2017-01-09,0.590551181,0.31496063,44.06,30.92
"2058",2017-01-10,0,0,46.94,26.96
"2059",2017-01-11,0,0,53.06,30.02
"2060",2017-01-12,0,0,48.02,30.02
"2061",2017-01-13,0,0,44.96,33.08
"2062",2017-01-14,0,0,37.94,24.98
"2063",2017-01-15,0,0,35.96,19.94
"2064",2017-01-16,0,0,37.04,19.04
"2065",2017-01-17,0.118110236,0,39.92,23
"2066",2017-01-18,3.503937008,0,46.04,32
"2067",2017-01-19,6.614173228,0,44.96,35.06
"2068",2017-01-20,6.692913386,0.31496063,39.92,32
"2069",2017-01-21,0,0,44.96,24.98
"2070",2017-01-22,0,0,48.02,30.92
"2071",2017-01-23,5.984251969,1.811023622,44.96,32
"2072",2017-01-24,0,0,33.08,21.02
"2073",2017-01-25,0,0,33.98,15.98
"2074",2017-01-26,0.511811024,0.787401575,42.98,26.96
"2075",2017-01-27,0,0,42.98,24.98
"2076",2017-01-28,0,0,42.08,24.08
"2077",2017-01-29,0,0,44.96,24.98
"2078",2017-01-30,0,0,44.96,24.98
"2079",2017-01-31,0,0,42.98,26.06
"2080",2017-02-01,0,0,44.06,19.04
"2081",2017-02-02,0,0,48.02,21.02
"2082",2017-02-03,0,0,55.94,24.98
"2083",2017-02-04,0,0,53.96,33.98
"2084",2017-02-05,1.181102362,0,51.98,39.02
"2085",2017-02-06,0,0,48.02,44.06
"2086",2017-02-07,1.614173228,0.511811024,48.02,32
"2087",2017-02-08,1.614173228,1.692913386,37.04,24.08
"2088",2017-02-09,0,0.590551181,30.92,17.96
"2089",2017-02-10,0,0,39.02,12.92
"2090",2017-02-11,0,0,46.04,21.92
"2091",2017-02-12,0,0,46.94,26.96
"2092",2017-02-13,0.590551181,1.496062992,42.08,17.96
"2093",2017-02-14,0,0,42.98,17.06
"2094",2017-02-15,1.614173228,0.196850394,46.94,33.08
"2095",2017-02-16,1.614173228,0,48.92,35.96
"2096",2017-02-17,1.496062992,0,55.94,37.04
"2097",2017-02-18,0.590551181,0,50,26.96
"2098",2017-02-20,0,0,37.04,19.04
"2099",2017-02-21,0,0.196850394,33.08,19.94
"2100",2017-02-22,0,0,33.08,19.04
"2101",2017-02-23,0,0,37.94,19.94
"2102",2017-02-24,0.708661417,3.11023622,33.08,21.92
"2103",2017-02-25,0,0,37.04,15.08
"2104",2017-02-26,0,0,48.92,19.04
"2105",2017-02-27,0,0,55.04,35.06
"2106",2017-02-28,0,0,57.92,39.02
"2107",2017-03-01,0.118110236,0,57.02,35.96
"2108",2017-03-02,0,0,60.98,35.96
"2109",2017-03-03,0,0,53.96,37.04
"2110",2017-03-06,0,0,44.06,30.02
"2111",2017-03-07,0,0,51.98,30.02
"2112",2017-03-08,4.015748031,0,53.06,39.92
"2113",2017-03-09,0.787401575,0,50,41
"2114",2017-03-10,5.118110236,0.31496063,46.04,32
"2115",2017-03-11,0,0,46.04,30.02
"2116",2017-03-12,0,0,48.92,33.98
"2117",2017-03-13,0,0,55.04,32
"2118",2017-03-14,0,0,59,33.98
"2119",2017-03-15,1.692913386,0.118110236,53.96,30.02
"2120",2017-03-16,0,0,42.08,28.04
"2121",2017-03-17,0,0,48.02,24.08
"2122",2017-03-18,0,0,55.04,26.06
"2123",2017-03-19,0,0,60.08,28.94
"2124",2017-03-20,0,0,60.98,32
"2125",2017-03-21,0,0,60.98,32
"2126",2017-03-22,0,0,66.02,35.06
"2127",2017-03-23,0,0,62.06,41
"2128",2017-03-24,0,0,53.96,39.92
"2129",2017-03-25,0.787401575,0,57.92,42.08
"2130",2017-03-26,1.496062992,0,57.92,39.92
"2131",2017-03-27,0,0,64.94,30.92
"2132",2017-03-28,0,0,69.08,39.92
"2133",2017-03-29,0,0,68,42.98
"2134",2017-03-30,0,0,64.94,46.94
"2135",2017-03-31,4.212598425,0,62.06,33.98
"2136",2017-04-01,0.118110236,0,57.02,33.98
"2137",2017-04-02,0,0,57.02,32
"2138",2017-04-03,0,0,60.08,33.08
